[
  {
    "value": "last fm",
    "synonyms": [
      "lastfm",
      " last fm",
      " Last Fm"
    ]
  },
  {
    "value": "groove shark",
    "synonyms": [
      "grooveshark",
      " groove shark"
    ]
  },
  {
    "value": "Deezer",
    "synonyms": [
      "deezer"
    ]
  },
  {
    "value": "iTunes",
    "synonyms": [
      "iTunes"
    ]
  },
  {
    "value": "Google Music",
    "synonyms": [
      "Google Music",
      "google musik"
    ]
  },
  {
    "value": "Zvooq",
    "synonyms": [
      "Zvooq"
    ]
  },
  {
    "value": "Vimeo",
    "synonyms": [
      "vimeo"
    ]
  },
  {
    "value": "SXM",
    "synonyms": [
      "SXM",
      " Sirius XM"
    ]
  },
  {
    "value": "Youtube",
    "synonyms": [
      "youtube",
      "you tube"
    ]
  },
  {
    "value": "Netflix",
    "synonyms": [
      "Netflix"
    ]
  },
  {
    "value": "Prime Music",
    "synonyms": [
      "Prime",
      " Prime Music"
    ]
  },
  {
    "value": "Prime Music",
    "synonyms": [
      "Prime Music"
    ]
  },
  {
    "value": "Apple Music",
    "synonyms": [
      "Apple Music"
    ]
  },
  {
    "value": "Slacker",
    "synonyms": [
      "slaker",
      " slacker"
    ]
  },
  {
    "value": "Spotify",
    "synonyms": [
      "Spotify"
    ]
  },
  {
    "value": "Pandora",
    "synonyms": [
      "pandora"
    ]
  },
  {
    "value": "iheart",
    "synonyms": [
      "iheart radio",
      " iHeartRadio",
      " iheart"
    ]
  }
]