[
  {
    "value": "Led Zeppelin II",
    "synonyms": [
      "Led Zeppelin too, Led Zeppelin second, Led Zeppelin two, Led Zeppelin 2, Led Zeppelin II"
    ]
  },
  {
    "value": "Electric Ladyland",
    "synonyms": [
      "Electric Ladyland"
    ]
  },
  {
    "value": "I Never Loved a Man the Way I Love You",
    "synonyms": [
      "I Never Loved a Man the Way I Love You"
    ]
  },
  {
    "value": "Bridge Over Troubled Water",
    "synonyms": [
      "Bridge Over Troubled Water"
    ]
  },
  {
    "value": "A Love Supreme",
    "synonyms": [
      "A Love Supreme"
    ]
  },
  {
    "value": "Celebration",
    "synonyms": [
      "Celebration"
    ]
  },
  {
    "value": "Hotel California",
    "synonyms": [
      "Hotel California"
    ]
  },
  {
    "value": "Call Me",
    "synonyms": [
      "Call Me"
    ]
  },
  {
    "value": "John Lennon / Plastic Ono Band",
    "synonyms": [
      "John Lennon / Plastic Ono Band"
    ]
  },
  {
    "value": "Axis Bold as Love",
    "synonyms": [
      "Axis Bold as Love"
    ]
  },
  {
    "value": "Marquee Moon",
    "synonyms": [
      "Marquee Moon"
    ]
  },
  {
    "value": "Sgt. Pepper\u0027s Lonely Hearts Club Band",
    "synonyms": [
      "Sgt Pepper s Lonely Hearts Club Band, Sgt Peppers Lonely Hearts Club Band"
    ]
  },
  {
    "value": "Who\u0027s Next",
    "synonyms": [
      "Who s Next, Whos Next"
    ]
  },
  {
    "value": "Thriller",
    "synonyms": [
      "Thriller"
    ]
  },
  {
    "value": "Rubber Soul",
    "synonyms": [
      "Rubber Soul"
    ]
  },
  {
    "value": "London Calling",
    "synonyms": [
      "London Calling"
    ]
  },
  {
    "value": "Closing Time",
    "synonyms": [
      "Closing Time"
    ]
  },
  {
    "value": "The Marshall Mathers LP",
    "synonyms": [
      "The Marshall Mathers LP",
      "The Marshall Mathers"
    ]
  },
  {
    "value": "The Sun Sessions",
    "synonyms": [
      "The Sun Sessions"
    ]
  },
  {
    "value": "Power, Corruption \u0026 Lies",
    "synonyms": [
      "Power, Corruption \u0026 Lies",
      "Power Corruption Lies",
      "corruption and lies"
    ]
  },
  {
    "value": "The Joshua Tree",
    "synonyms": [
      "The Joshua Tree"
    ]
  },
  {
    "value": "Divorcio",
    "synonyms": [
      "Divorcio"
    ]
  },
  {
    "value": "Blood on the Tracks",
    "synonyms": [
      "Blood on the Tracks"
    ]
  },
  {
    "value": "Eat a Peach",
    "synonyms": [
      "Eat a Peach"
    ]
  },
  {
    "value": "Tommy",
    "synonyms": [
      "Tommy"
    ]
  },
  {
    "value": "Highway  Revisited",
    "synonyms": [
      "Highway  Revisited"
    ]
  },
  {
    "value": "Raising Hell",
    "synonyms": [
      "Raising Hell"
    ]
  },
  {
    "value": "Pet Sounds",
    "synonyms": [
      "Pet Sounds"
    ]
  },
  {
    "value": "Ten",
    "synonyms": [
      "Ten"
    ]
  },
  {
    "value": "Appetite for Destruction",
    "synonyms": [
      "Appetite for Destruction"
    ]
  },
  {
    "value": "Moondance",
    "synonyms": [
      "Moondance"
    ]
  },
  {
    "value": "Some Girls",
    "synonyms": [
      "Some Girls"
    ]
  },
  {
    "value": "Innervisions",
    "synonyms": [
      "Innervisions"
    ]
  },
  {
    "value": "Exile on Main St.",
    "synonyms": [
      "Exile on Main St"
    ]
  },
  {
    "value": "Californication",
    "synonyms": [
      "Californication"
    ]
  },
  {
    "value": "Paid In Full",
    "synonyms": [
      "Paid In Full"
    ]
  },
  {
    "value": "My Aim Is True",
    "synonyms": [
      "My Aim Is True"
    ]
  },
  {
    "value": "Straight Outta Compton",
    "synonyms": [
      "Straight Outta Compton"
    ]
  },
  {
    "value": "Abraxas",
    "synonyms": [
      "Abraxas"
    ]
  },
  {
    "value": "Love",
    "synonyms": [
      "Love"
    ]
  },
  {
    "value": "White Album",
    "synonyms": [
      "The Beatles White Album, White, White Album"
    ]
  },
  {
    "value": "Doolittle",
    "synonyms": [
      "Doolittle"
    ]
  },
  {
    "value": "The Rise and Fall of Ziggy Stardust and the Spiders From Mars",
    "synonyms": [
      "The Rise and Fall of Ziggy Stardust and the Spiders From Mars"
    ]
  },
  {
    "value": "The Clash",
    "synonyms": [
      "The Clash"
    ]
  },
  {
    "value": "Graceland",
    "synonyms": [
      "Graceland"
    ]
  },
  {
    "value": "The Doors",
    "synonyms": [
      "The Doors"
    ]
  },
  {
    "value": "OK Computer",
    "synonyms": [
      "OK Computer"
    ]
  },
  {
    "value": "Grace",
    "synonyms": [
      "Grace"
    ]
  },
  {
    "value": "Blue",
    "synonyms": [
      "Blue"
    ]
  },
  {
    "value": "Brain",
    "synonyms": [
      "Brain"
    ]
  },
  {
    "value": "Songs about Jane",
    "synonyms": [
      "Songs about Jane"
    ]
  },
  {
    "value": "At Folsom Prison",
    "synonyms": [
      "At Folsom Prison"
    ]
  },
  {
    "value": "Wish You Were Here",
    "synonyms": [
      "Wish You Were Here"
    ]
  },
  {
    "value": "Songs in the Key of Life",
    "synonyms": [
      "Songs in the Key of Life"
    ]
  },
  {
    "value": "What\u0027s Going On",
    "synonyms": [
      "Whats Going On, What s Going On"
    ]
  },
  {
    "value": "The Dark Side of the Moon",
    "synonyms": [
      "The Dark Side of the Moon"
    ]
  },
  {
    "value": "After the Gold Rush",
    "synonyms": [
      "After the Gold Rush"
    ]
  },
  {
    "value": "At Fillmore East",
    "synonyms": [
      "At Fillmore East"
    ]
  },
  {
    "value": "Bringing It All Back Home",
    "synonyms": [
      "Bringing It All Back Home"
    ]
  },
  {
    "value": "Born in the U.S.A.",
    "synonyms": [
      "Born in the USA, Born in the U S A"
    ]
  },
  {
    "value": "Back in Black",
    "synonyms": [
      "Back in Black"
    ]
  },
  {
    "value": "Never Mind the Bollocks Here\u0027s the Sex Pistols",
    "synonyms": [
      "Never Mind the Bollocks Heres the Sex Pistols, Never Mind the Bollocks Here s the Sex Pistols"
    ]
  },
  {
    "value": "Let It Be",
    "synonyms": [
      "Let It Be"
    ]
  },
  {
    "value": "Purple Rain",
    "synonyms": [
      "Purple Rain"
    ]
  },
  {
    "value": "Sticky Fingers",
    "synonyms": [
      "Sticky Fingers"
    ]
  },
  {
    "value": "Modern Sounds in Country and Western Music",
    "synonyms": [
      "Modern Sounds in Country and Western Music"
    ]
  },
  {
    "value": "Astral Weeks",
    "synonyms": [
      "Astral Weeks"
    ]
  },
  {
    "value": "The Wall",
    "synonyms": [
      "The Wall"
    ]
  },
  {
    "value": "Sign the Times",
    "synonyms": [
      "Sign the Times"
    ]
  },
  {
    "value": "Summer",
    "synonyms": [
      "Summer"
    ]
  },
  {
    "value": "Love",
    "synonyms": [
      "love"
    ]
  },
  {
    "value": "Led Zeppelin",
    "synonyms": [
      "Led Zeppelin"
    ]
  },
  {
    "value": "Green River",
    "synonyms": [
      "Green River"
    ]
  },
  {
    "value": "White",
    "synonyms": [
      "White"
    ]
  },
  {
    "value": "Music From Big Pink",
    "synonyms": [
      "Music From Big Pink"
    ]
  },
  {
    "value": "Burst Apart",
    "synonyms": [
      "Burst Apart"
    ]
  },
  {
    "value": "Forever Changes",
    "synonyms": [
      "Forever Changes"
    ]
  },
  {
    "value": "Nevermind",
    "synonyms": [
      "Nevermind"
    ]
  },
  {
    "value": "The Bends",
    "synonyms": [
      "The Bends"
    ]
  },
  {
    "value": "Tapestry",
    "synonyms": [
      "Tapestry"
    ]
  },
  {
    "value": "Achtung Baby",
    "synonyms": [
      "Achtung Baby"
    ]
  },
  {
    "value": "Kind of Blue",
    "synonyms": [
      "Kind of Blue"
    ]
  },
  {
    "value": "Blonde on Blonde",
    "synonyms": [
      "Blonde on Blonde"
    ]
  },
  {
    "value": "Paul\u0027s Boutique",
    "synonyms": [
      "Paul s Boutique, Pauls Boutique"
    ]
  },
  {
    "value": "Rumours",
    "synonyms": [
      "Rumours"
    ]
  },
  {
    "value": "Let It Bleed",
    "synonyms": [
      "Let It Bleed"
    ]
  },
  {
    "value": "19",
    "synonyms": [
      "19"
    ]
  },
  {
    "value": "Automatic for the People",
    "synonyms": [
      "Automatic for the People"
    ]
  },
  {
    "value": "In the Court of the Crimson King",
    "synonyms": [
      "In the Court of the Crimson King"
    ]
  },
  {
    "value": "Abbey Road",
    "synonyms": [
      "Abbey Road"
    ]
  },
  {
    "value": "Disraeli Gears",
    "synonyms": [
      "Disraeli Gears"
    ]
  },
  {
    "value": "Surrealistic Pillow",
    "synonyms": [
      "Surrealistic Pillow"
    ]
  },
  {
    "value": "Un Monde Meilleur",
    "synonyms": [
      "Un Monde Meilleur"
    ]
  },
  {
    "value": "Physical Graffiti",
    "synonyms": [
      "Physical Graffiti"
    ]
  },
  {
    "value": "Synchronicity",
    "synonyms": [
      "Synchronicity"
    ]
  },
  {
    "value": "Déjà vu",
    "synonyms": [
      "Déjà vu"
    ]
  },
  {
    "value": "Winter",
    "synonyms": [
      "Winter"
    ]
  },
  {
    "value": "Led Zeppelin II",
    "synonyms": [
      "Led Zeppelin II"
    ]
  },
  {
    "value": "Quadrophenia",
    "synonyms": [
      "Quadrophenia"
    ]
  },
  {
    "value": "Biagio",
    "synonyms": [
      "Biagio"
    ]
  },
  {
    "value": "Born to Run",
    "synonyms": [
      "Born to Run"
    ]
  },
  {
    "value": "American Beauty",
    "synonyms": [
      "American Beauty"
    ]
  },
  {
    "value": "Hunky Dory",
    "synonyms": [
      "Hunky Dory"
    ]
  },
  {
    "value": "Revolver",
    "synonyms": [
      "Revolver"
    ]
  },
  {
    "value": "Magical Mystery Tour",
    "synonyms": [
      "Magical Mystery Tour"
    ]
  },
  {
    "value": "Giant Steps",
    "synonyms": [
      "Giant Steps"
    ]
  },
  {
    "value": "\u0027Live\u0027 at The Apollo",
    "synonyms": [
      "Live at The Apollo"
    ]
  },
  {
    "value": "Goodbye Yellow Brick Road",
    "synonyms": [
      "Goodbye Yellow Brick Road"
    ]
  },
  {
    "value": "Exodus",
    "synonyms": [
      "Exodus"
    ]
  },
  {
    "value": "Layla and Other Assorted Love Songs",
    "synonyms": [
      "Layla and Other Assorted Love Songs"
    ]
  },
  {
    "value": "Daydream Nation",
    "synonyms": [
      "Daydream Nation"
    ]
  },
  {
    "value": "Are You Experienced",
    "synonyms": [
      "Are You Experienced"
    ]
  },
  {
    "value": "Remain in Light",
    "synonyms": [
      "Remain in Light"
    ]
  },
  {
    "value": "It Takes a Nation of Millions to Hold Us Back",
    "synonyms": [
      "It Takes a Nation of Millions to Hold Us Back"
    ]
  },
  {
    "value": "Stand!",
    "synonyms": [
      "Stand!"
    ]
  },
  {
    "value": "The Velvet Underground and Nico",
    "synonyms": [
      "The Velvet Underground and Nico"
    ]
  },
  {
    "value": "Harvest",
    "synonyms": [
      "Harvest"
    ]
  },
  {
    "value": "Horses",
    "synonyms": [
      "Horses"
    ]
  },
  {
    "value": "Rocks",
    "synonyms": [
      "Rocks"
    ]
  },
  {
    "value": "In Utero",
    "synonyms": [
      "In Utero"
    ]
  },
  {
    "value": "Please Please Me",
    "synonyms": [
      "Please Please Me"
    ]
  },
  {
    "value": "Beggars Banquet",
    "synonyms": [
      "Beggars Banquet"
    ]
  }
]