[
  {
    "value": "mood",
    "synonyms": [
      "mood"
    ]
  },
  {
    "value": "today\u0027s top hits",
    "synonyms": [
      "today\u0027s top hits"
    ]
  },
  {
    "value": "quality",
    "synonyms": [
      "quality"
    ]
  },
  {
    "value": "uplifting",
    "synonyms": [
      "uplifting",
      "100 most uplifting songs ever"
    ]
  },
  {
    "value": "lunch",
    "synonyms": [
      "lunch"
    ]
  },
  {
    "value": "love",
    "synonyms": [
      "love"
    ]
  },
  {
    "value": "chill",
    "synonyms": [
      "chill",
      "chilling"
    ]
  },
  {
    "value": "focus",
    "synonyms": [
      "focus",
      "focusing"
    ]
  },
  {
    "value": "my faves",
    "synonyms": [
      "my faves"
    ]
  },
  {
    "value": "jazz",
    "synonyms": [
      "jazz"
    ]
  },
  {
    "value": "late night",
    "synonyms": [
      "late night"
    ]
  },
  {
    "value": "rock",
    "synonyms": [
      "rock"
    ]
  },
  {
    "value": "viral hits",
    "synonyms": [
      "viral hits"
    ]
  },
  {
    "value": "romance",
    "synonyms": [
      "romance",
      "romancing",
      "romantic",
      "for date",
      "for a date",
      "for romantic date",
      "for a romantic date"
    ]
  },
  {
    "value": "trending",
    "synonyms": [
      "trending"
    ]
  },
  {
    "value": "winter",
    "synonyms": [
      "winter"
    ]
  },
  {
    "value": "fitness",
    "synonyms": [
      "fitness",
      "for fitness"
    ]
  },
  {
    "value": "workout",
    "synonyms": [
      "workout",
      "working out",
      "workingout",
      "work out"
    ]
  },
  {
    "value": "dinner",
    "synonyms": [
      "dinner party",
      "dinner party",
      "dinner"
    ]
  },
  {
    "value": "favorite",
    "synonyms": [
      "favorite",
      "favorites",
      "faves",
      "fave",
      "fav"
    ]
  },
  {
    "value": "cool",
    "synonyms": [
      "cool"
    ]
  },
  {
    "value": "kids",
    "synonyms": [
      "kids"
    ]
  },
  {
    "value": "gym",
    "synonyms": [
      "gym"
    ]
  },
  {
    "value": "50 great beatles songs",
    "synonyms": [
      "50 great beatles songs"
    ]
  },
  {
    "value": "energy",
    "synonyms": [
      "energetic",
      "energy"
    ]
  },
  {
    "value": "recently added",
    "synonyms": [
      "recently added"
    ]
  },
  {
    "value": "comedy",
    "synonyms": [
      "comedy"
    ]
  },
  {
    "value": "summer",
    "synonyms": [
      "summer"
    ]
  },
  {
    "value": "party",
    "synonyms": [
      "party"
    ]
  },
  {
    "value": "calm",
    "synonyms": [
      "calm"
    ]
  },
  {
    "value": "study",
    "synonyms": [
      "study"
    ]
  },
  {
    "value": "running",
    "synonyms": [
      "running",
      "run"
    ]
  },
  {
    "value": "roxette",
    "synonyms": [
      "roxette"
    ]
  },
  {
    "value": "meditative",
    "synonyms": [
      "meditative"
    ]
  },
  {
    "value": "breakfast",
    "synonyms": [
      "breakfast"
    ]
  },
  {
    "value": "travel",
    "synonyms": [
      "traveling",
      "travel",
      "travelling"
    ]
  },
  {
    "value": "relaxing",
    "synonyms": [
      "relaxing"
    ]
  },
  {
    "value": "favourite",
    "synonyms": [
      "favourite"
    ]
  },
  {
    "value": "sleep",
    "synonyms": [
      "sleep"
    ]
  },
  {
    "value": "work",
    "synonyms": [
      "work"
    ]
  }
]