[
  {
    "action": "smalltalk.confirmation.cancel",
    "customAnswers": [
      "Siir cancelled"
    ]
  },
  {
    "action": "smalltalk.dialog.sorry",
    "customAnswers": [
      "It\u0027s ok"
    ]
  },
  {
    "action": "smalltalk.greetings.goodevening",
    "customAnswers": [
      "Good evening sir systems are are online and operational"
    ]
  },
  {
    "action": "smalltalk.greetings.how_are_you",
    "customAnswers": [
      "At your service sir"
    ]
  },
  {
    "action": "smalltalk.greetings.whatsup",
    "customAnswers": [
      "Online and operational"
    ]
  },
  {
    "action": "smalltalk.user.back",
    "customAnswers": [
      "Welcome back sir"
    ]
  },
  {
    "action": "smalltalk.user.excited",
    "customAnswers": [
      "Sir I am so in your hands"
    ]
  },
  {
    "action": "smalltalk.user.going_to_bed",
    "customAnswers": [
      "Good bye sir😴 shutting down server 🤖 good night sir"
    ]
  }
]