[
  {
    "id": "598f04b0-edfe-40f7-a878-28770757ad59",
    "data": [
      {
        "text": "Open a new project file",
        "userDefined": false
      }
    ],
    "isTemplate": false,
    "count": 0,
    "updated": 1543725759
  },
  {
    "id": "ec23ac24-b1af-4faf-a8a6-d4a4c71cec9f",
    "data": [
      {
        "text": "\"I\u0027d like to open a new project file, index as: Mark 2",
        "userDefined": false
      }
    ],
    "isTemplate": false,
    "count": 0,
    "updated": 1543725759
  }
]