[
  {
    "id": "4569c679-0f73-49c9-a81a-ae4e22c56a06",
    "data": [
      {
        "text": "Ok Jarvis",
        "userDefined": false
      }
    ],
    "isTemplate": false,
    "count": 0,
    "updated": 1543058393
  },
  {
    "id": "b9284461-d908-4ed6-9417-61ea04aec9cb",
    "data": [
      {
        "text": "Hi ",
        "userDefined": false
      },
      {
        "text": "Jarvis",
        "alias": "given-name",
        "meta": "@sys.given-name",
        "userDefined": false
      }
    ],
    "isTemplate": false,
    "count": 0,
    "updated": 1543058393
  },
  {
    "id": "e7d87c12-4563-4289-be15-cc87047936bd",
    "data": [
      {
        "text": "Hi",
        "userDefined": false
      }
    ],
    "isTemplate": false,
    "count": 0,
    "updated": 1543058393
  },
  {
    "id": "a9ee4271-80f9-4977-a0ed-7d0bb9d3cd1f",
    "data": [
      {
        "text": "Hey",
        "userDefined": false
      }
    ],
    "isTemplate": false,
    "count": 0,
    "updated": 1543058393
  },
  {
    "id": "dc3a3600-4c3d-46fe-a0b7-44c750a0ec7d",
    "data": [
      {
        "text": "Hello",
        "userDefined": false
      }
    ],
    "isTemplate": false,
    "count": 0,
    "updated": 1543058393
  },
  {
    "id": "99290f6a-b380-4254-b367-75ae8f50b0d9",
    "data": [
      {
        "text": "Hello ",
        "userDefined": false
      },
      {
        "text": "Jarvis",
        "alias": "given-name",
        "meta": "@sys.given-name",
        "userDefined": false
      }
    ],
    "isTemplate": false,
    "count": 0,
    "updated": 1543058393
  },
  {
    "id": "dea8a4b2-c28e-4e29-9e39-d04d49cd1464",
    "data": [
      {
        "text": "Jarvis",
        "alias": "given-name",
        "meta": "@sys.given-name",
        "userDefined": false
      }
    ],
    "isTemplate": false,
    "count": 0,
    "updated": 1543058393
  },
  {
    "id": "12b22a24-e422-4ba3-a43d-18d1ae5e1984",
    "data": [
      {
        "text": "Hey Jarvis",
        "userDefined": false
      }
    ],
    "isTemplate": false,
    "count": 0,
    "updated": 1543058393
  }
]