[
  {
    "id": "5a978ed0-91db-4952-8b62-ae9c92c0d967",
    "data": [
      {
        "text": "Private server",
        "userDefined": false
      }
    ],
    "isTemplate": false,
    "count": 0,
    "updated": 1543725988
  },
  {
    "id": "b536eea1-c25a-46c8-b209-e50db1e06f56",
    "data": [
      {
        "text": "No jarvis",
        "userDefined": false
      }
    ],
    "isTemplate": false,
    "count": 0,
    "updated": 1543725988
  },
  {
    "id": "e4d98d72-d420-4b6b-870f-bf8563f7629c",
    "data": [
      {
        "text": "No N",
        "userDefined": false
      }
    ],
    "isTemplate": false,
    "count": 0,
    "updated": 1543725988
  },
  {
    "id": "61aedbaa-3c34-4d37-818f-a2aefd7bf115",
    "data": [
      {
        "text": "Jarvis",
        "alias": "jarvis",
        "meta": "@jarvis",
        "userDefined": false
      },
      {
        "text": " private server",
        "userDefined": false
      }
    ],
    "isTemplate": false,
    "count": 0,
    "updated": 1543725988
  },
  {
    "id": "64666970-2183-49c6-8974-422cce62327c",
    "data": [
      {
        "text": "I don\u0027t know who to trust right now. \u0027Til further notice, why don\u0027t we just keep everything on my private server.",
        "userDefined": false
      }
    ],
    "isTemplate": false,
    "count": 0,
    "updated": 1543725988
  }
]