[
  {
    "id": "98a9d063-3e5a-47f8-8a33-1adadb7ed215",
    "data": [
      {
        "text": "Jarvis",
        "alias": "given-name",
        "meta": "@sys.given-name",
        "userDefined": false
      },
      {
        "text": " i want to hear a joke",
        "userDefined": false
      }
    ],
    "isTemplate": false,
    "count": 0,
    "updated": 1543738333
  },
  {
    "id": "3d547a18-e1f6-4ed6-bbd1-742ed0041632",
    "data": [
      {
        "text": "Jarvis",
        "alias": "given-name",
        "meta": "@sys.given-name",
        "userDefined": false
      },
      {
        "text": " i am getting bored",
        "userDefined": false
      }
    ],
    "isTemplate": false,
    "count": 0,
    "updated": 1543738333
  },
  {
    "id": "99d9ab79-278f-4598-88ba-3e47ff6767d2",
    "data": [
      {
        "text": "Jarvis",
        "alias": "given-name",
        "meta": "@sys.given-name",
        "userDefined": false
      },
      {
        "text": " tell me a joke",
        "userDefined": false
      }
    ],
    "isTemplate": false,
    "count": 0,
    "updated": 1543738333
  },
  {
    "id": "30621902-772a-4b47-b896-9c1721353ca3",
    "data": [
      {
        "text": "I want to hear a joke",
        "userDefined": false
      }
    ],
    "isTemplate": false,
    "count": 0,
    "updated": 1543738333
  },
  {
    "id": "a1740c3f-b70b-4d4b-96bc-767ada25d14f",
    "data": [
      {
        "text": "more jokes",
        "userDefined": false
      }
    ],
    "isTemplate": false,
    "count": 0,
    "updated": 1543738333
  },
  {
    "id": "3cb97db3-8e64-4606-b0c0-22ebb95532de",
    "data": [
      {
        "text": "tell me a ",
        "userDefined": false
      },
      {
        "text": "funny",
        "meta": "@sys.ignore",
        "userDefined": true
      },
      {
        "text": " joke",
        "userDefined": false
      }
    ],
    "isTemplate": false,
    "count": 1,
    "updated": 1543738333
  },
  {
    "id": "dddac7dc-bf4e-4d3c-b376-bcaf0f81eb45",
    "data": [
      {
        "text": "tell",
        "meta": "@sys.ignore",
        "userDefined": false
      },
      {
        "text": " ",
        "userDefined": false
      },
      {
        "text": "me",
        "meta": "@sys.ignore",
        "userDefined": false
      },
      {
        "text": " a ",
        "userDefined": false
      },
      {
        "text": "funny",
        "meta": "@sys.ignore",
        "userDefined": true
      },
      {
        "text": " joke",
        "userDefined": false
      }
    ],
    "isTemplate": false,
    "count": 0,
    "updated": 1543738333
  },
  {
    "id": "bd411cd2-1e4c-4654-991a-f2f8bdf545cb",
    "data": [
      {
        "text": "tell me the ",
        "userDefined": false
      },
      {
        "text": "best",
        "meta": "@sys.ignore",
        "userDefined": true
      },
      {
        "text": " joke ever",
        "userDefined": false
      }
    ],
    "isTemplate": false,
    "count": 0,
    "updated": 1543738333
  },
  {
    "id": "63238971-518a-4ac2-a5c5-efa7e818bca1",
    "data": [
      {
        "text": "tell me a joke",
        "userDefined": false
      }
    ],
    "isTemplate": false,
    "count": 0,
    "updated": 1543738333
  },
  {
    "id": "eb5e0147-b9ca-4fc3-a20a-be3f1ebbcd5c",
    "data": [
      {
        "text": "can you tell me another joke",
        "userDefined": false
      }
    ],
    "isTemplate": false,
    "count": 0,
    "updated": 1543738333
  },
  {
    "id": "60022c35-8f12-48d8-aa44-8348a23683da",
    "data": [
      {
        "text": "can you joke well",
        "userDefined": false
      }
    ],
    "isTemplate": false,
    "count": 0,
    "updated": 1543738333
  },
  {
    "id": "ff8ca173-ef90-4e9b-8bba-1ddd5ed4ced9",
    "data": [
      {
        "text": "give",
        "meta": "@sys.ignore",
        "userDefined": true
      },
      {
        "text": " me a joke",
        "userDefined": false
      }
    ],
    "isTemplate": false,
    "count": 0,
    "updated": 1543738333
  },
  {
    "id": "4d97b8b0-6e24-4dda-9160-5cc4cbca5274",
    "data": [
      {
        "text": "I",
        "meta": "@sys.ignore",
        "userDefined": true
      },
      {
        "text": "\u0027",
        "userDefined": false
      },
      {
        "text": "m",
        "meta": "@sys.ignore",
        "userDefined": true
      },
      {
        "text": " feeling glum make ",
        "userDefined": false
      },
      {
        "text": "me",
        "meta": "@sys.ignore",
        "userDefined": true
      },
      {
        "text": " laugh",
        "userDefined": false
      }
    ],
    "isTemplate": false,
    "count": 0,
    "updated": 0
  },
  {
    "id": "c457fc7e-965a-48f5-86b2-6dcd64b79a0f",
    "data": [
      {
        "text": "do you know any jokes",
        "userDefined": false
      }
    ],
    "isTemplate": false,
    "count": 0,
    "updated": 0
  },
  {
    "id": "ca9c1956-cd22-4049-a797-9cf90efb6309",
    "data": [
      {
        "text": "tell me some jokes",
        "userDefined": false
      }
    ],
    "isTemplate": false,
    "count": 0,
    "updated": 0
  },
  {
    "id": "ca6408f4-a427-49f8-8228-e8e383d29409",
    "data": [
      {
        "text": "jokes",
        "userDefined": false
      }
    ],
    "isTemplate": false,
    "count": 0,
    "updated": 0
  },
  {
    "id": "5b051e06-ed48-4d16-9a10-e740d108d388",
    "data": [
      {
        "text": "any",
        "meta": "@sys.ignore",
        "userDefined": false
      },
      {
        "text": " ",
        "userDefined": false
      },
      {
        "text": "good",
        "meta": "@sys.ignore",
        "userDefined": false
      },
      {
        "text": " jokes",
        "userDefined": false
      }
    ],
    "isTemplate": false,
    "count": 0,
    "updated": 0
  },
  {
    "id": "4d50b8be-48b9-4f73-8a9e-12586feac11b",
    "data": [
      {
        "text": "can you tell me a joke please",
        "userDefined": false
      }
    ],
    "isTemplate": false,
    "count": 0,
    "updated": 0
  },
  {
    "id": "089c229d-3de1-4460-86f0-3b3b0d529801",
    "data": [
      {
        "text": "random joke",
        "userDefined": false
      }
    ],
    "isTemplate": false,
    "count": 0,
    "updated": 0
  },
  {
    "id": "de0ff17f-ab75-46d6-989b-dedfa81c2b05",
    "data": [
      {
        "text": "tell me a ",
        "userDefined": false
      },
      {
        "text": "silly",
        "meta": "@sys.ignore",
        "userDefined": true
      },
      {
        "text": " joke",
        "userDefined": false
      }
    ],
    "isTemplate": false,
    "count": 1,
    "updated": 1500400351
  },
  {
    "id": "d5110a1c-240a-429b-9da8-84adbd0898c0",
    "data": [
      {
        "text": "it would be nice to hear a joke right now",
        "userDefined": false
      }
    ],
    "isTemplate": false,
    "count": 0,
    "updated": 0
  },
  {
    "id": "32aac611-2d66-41bb-82f7-06fd3be736e8",
    "data": [
      {
        "text": "joke",
        "userDefined": false
      }
    ],
    "isTemplate": false,
    "count": 0,
    "updated": 0
  },
  {
    "id": "d33e3680-fbb5-49ad-965d-77ac595f5b11",
    "data": [
      {
        "text": "tell me a ",
        "userDefined": false
      },
      {
        "text": "nice",
        "meta": "@sys.ignore",
        "userDefined": true
      },
      {
        "text": " joke",
        "userDefined": false
      }
    ],
    "isTemplate": false,
    "count": 0,
    "updated": 0
  },
  {
    "id": "3cd913c5-93e6-47b5-98ad-06ab63fb2d69",
    "data": [
      {
        "text": "some joke",
        "userDefined": false
      }
    ],
    "isTemplate": false,
    "count": 0,
    "updated": 0
  },
  {
    "id": "5e8fe7f8-7c1d-49bf-b3d3-88c376cebcf2",
    "data": [
      {
        "text": "joke please",
        "userDefined": false
      }
    ],
    "isTemplate": false,
    "count": 0,
    "updated": 0
  },
  {
    "id": "cf1942b1-1e97-4a9a-9cd2-9866407c5046",
    "data": [
      {
        "text": "tell me a ",
        "userDefined": false
      },
      {
        "text": "scary",
        "meta": "@sys.ignore",
        "userDefined": true
      },
      {
        "text": " joke",
        "userDefined": false
      }
    ],
    "isTemplate": false,
    "count": 0,
    "updated": 1500400351
  },
  {
    "id": "76bd3580-a385-4491-925b-ea6d86fe5738",
    "data": [
      {
        "text": "tell me a joke please",
        "userDefined": false
      }
    ],
    "isTemplate": false,
    "count": 0,
    "updated": 0
  },
  {
    "id": "a55ff55e-db8d-43e8-b54d-be31092d6163",
    "data": [
      {
        "text": "let\u0027s hear ",
        "userDefined": false
      },
      {
        "text": "funny",
        "meta": "@sys.ignore",
        "userDefined": true
      },
      {
        "text": " jokes",
        "userDefined": false
      }
    ],
    "isTemplate": false,
    "count": 0,
    "updated": 0
  },
  {
    "id": "2dc19c80-7a5d-45d1-8082-b55c5d9d3646",
    "data": [
      {
        "text": "I want a ",
        "userDefined": false
      },
      {
        "text": "funny",
        "meta": "@sys.ignore",
        "userDefined": true
      },
      {
        "text": " joke",
        "userDefined": false
      }
    ],
    "isTemplate": false,
    "count": 0,
    "updated": 0
  },
  {
    "id": "2937df09-7749-4593-bc22-ca7fb2366923",
    "data": [
      {
        "text": "can you tell jokes",
        "userDefined": false
      }
    ],
    "isTemplate": false,
    "count": 0,
    "updated": 0
  },
  {
    "id": "f23fd808-4f3d-476d-80c9-70b7a9485ebe",
    "data": [
      {
        "text": "do you have any jokes",
        "userDefined": false
      }
    ],
    "isTemplate": false,
    "count": 0,
    "updated": 0
  },
  {
    "id": "1c29f995-8b72-4af3-9c98-82dad429dfee",
    "data": [
      {
        "text": "tell a joke",
        "userDefined": false
      }
    ],
    "isTemplate": false,
    "count": 1,
    "updated": 0
  },
  {
    "id": "196e4046-6aa6-4635-886b-e089d1d2c91a",
    "data": [
      {
        "text": "I want some jokes",
        "userDefined": false
      }
    ],
    "isTemplate": false,
    "count": 0,
    "updated": 0
  },
  {
    "id": "18ff9cb0-c72f-482c-9720-fdb5f17f3172",
    "data": [
      {
        "text": "do you joke well",
        "userDefined": false
      }
    ],
    "isTemplate": false,
    "count": 0,
    "updated": 0
  },
  {
    "id": "9d3da525-5c6e-435c-86de-943ef081c60e",
    "data": [
      {
        "text": "let\u0027s joke",
        "userDefined": false
      }
    ],
    "isTemplate": false,
    "count": 0,
    "updated": 0
  },
  {
    "id": "f9585cfa-b9cf-4379-a316-385ed216961e",
    "data": [
      {
        "text": "tell",
        "meta": "@sys.ignore",
        "userDefined": false
      },
      {
        "text": " ",
        "userDefined": false
      },
      {
        "text": "me",
        "meta": "@sys.ignore",
        "userDefined": false
      },
      {
        "text": " a ",
        "userDefined": false
      },
      {
        "text": "funny",
        "meta": "@sys.ignore",
        "userDefined": true
      },
      {
        "text": " joke please",
        "userDefined": false
      }
    ],
    "isTemplate": false,
    "count": 0,
    "updated": 0
  },
  {
    "id": "475772c0-6d56-404c-af0d-b57d8c227a20",
    "data": [
      {
        "text": "tell me ",
        "userDefined": false
      },
      {
        "text": "your",
        "meta": "@sys.ignore",
        "userDefined": true
      },
      {
        "text": " ",
        "userDefined": false
      },
      {
        "text": "funniest",
        "meta": "@sys.ignore",
        "userDefined": true
      },
      {
        "text": " joke",
        "userDefined": false
      }
    ],
    "isTemplate": false,
    "count": 0,
    "updated": 0
  }
]