[
  {
    "id": "5c462098-476b-48b2-bd32-aad1b59a1f8f",
    "data": [
      {
        "text": "it was a stupid joke",
        "userDefined": false
      }
    ],
    "isTemplate": false,
    "count": 0,
    "updated": 0
  },
  {
    "id": "264e2567-f0f3-470b-9643-1fdb7bcd67f0",
    "data": [
      {
        "text": "I didn\u0027t like that joke",
        "userDefined": false
      }
    ],
    "isTemplate": false,
    "count": 0,
    "updated": 0
  },
  {
    "id": "e8c1b78b-1663-4947-9b4c-b6b478c43abe",
    "data": [
      {
        "text": "you have no sense of humor",
        "userDefined": false
      }
    ],
    "isTemplate": false,
    "count": 0,
    "updated": 1500400858
  },
  {
    "id": "6b2e2e06-79f2-4369-bc86-7fadee81db56",
    "data": [
      {
        "text": "your jokes don\u0027t make me laugh",
        "userDefined": false
      }
    ],
    "isTemplate": false,
    "count": 0,
    "updated": 0
  },
  {
    "id": "38e59d21-d368-4d29-ba46-e72e02fe0800",
    "data": [
      {
        "text": "I wish you had a sense of humor",
        "userDefined": false
      }
    ],
    "isTemplate": false,
    "count": 0,
    "updated": 1500400858
  },
  {
    "id": "e8ebec16-b47b-4481-9181-9572e7f425f1",
    "data": [
      {
        "text": "no",
        "userDefined": false
      }
    ],
    "isTemplate": false,
    "count": 0,
    "updated": 1508357905
  },
  {
    "id": "0c06b435-18b4-4dc9-9d84-9756462e41d5",
    "data": [
      {
        "text": "stop it",
        "userDefined": false
      }
    ],
    "isTemplate": false,
    "count": 0,
    "updated": 0
  },
  {
    "id": "27380595-2e7a-4167-bf20-f0ff7c9d6ecb",
    "data": [
      {
        "text": "stop your stupid jokes",
        "userDefined": false
      }
    ],
    "isTemplate": false,
    "count": 0,
    "updated": 0
  },
  {
    "id": "ea948cba-3cae-46a1-87ee-88e57f841b2b",
    "data": [
      {
        "text": "your jokes are not funny",
        "userDefined": false
      }
    ],
    "isTemplate": false,
    "count": 0,
    "updated": 0
  },
  {
    "id": "7aef2228-0d10-4baf-8f9d-092053c2fe87",
    "data": [
      {
        "text": "you\u0027ve lost your sense of humor",
        "userDefined": false
      }
    ],
    "isTemplate": false,
    "count": 0,
    "updated": 1500400858
  },
  {
    "id": "a5f427d1-57b5-4023-a99c-691a95dcb91f",
    "data": [
      {
        "text": "please improve your sense of humor",
        "userDefined": false
      }
    ],
    "isTemplate": false,
    "count": 0,
    "updated": 1500400858
  },
  {
    "id": "15fa9727-d674-45a6-b572-921b43a78c89",
    "data": [
      {
        "text": "your jokes are awful",
        "userDefined": false
      }
    ],
    "isTemplate": false,
    "count": 0,
    "updated": 0
  },
  {
    "id": "dccb4bbb-24a6-48c6-bdfb-7793a100c916",
    "data": [
      {
        "text": "stop",
        "userDefined": false
      }
    ],
    "isTemplate": false,
    "count": 0,
    "updated": 0
  },
  {
    "id": "5442b27e-6523-4df3-b4e2-0d01eab2dd1b",
    "data": [
      {
        "text": "I hate your jokes",
        "userDefined": false
      }
    ],
    "isTemplate": false,
    "count": 0,
    "updated": 0
  },
  {
    "id": "dfb763dd-e401-4165-93e0-018959dd5bac",
    "data": [
      {
        "text": "that is not funny",
        "userDefined": false
      }
    ],
    "isTemplate": false,
    "count": 0,
    "updated": 0
  },
  {
    "id": "f333d4a0-d516-4502-97dd-4f11b206af82",
    "data": [
      {
        "text": "not funny",
        "userDefined": false
      }
    ],
    "isTemplate": false,
    "count": 0,
    "updated": 0
  },
  {
    "id": "8a30dad8-5288-4a27-b21c-d253827bb2a9",
    "data": [
      {
        "text": "it\u0027s a bad joke",
        "userDefined": false
      }
    ],
    "isTemplate": false,
    "count": 0,
    "updated": 0
  },
  {
    "id": "c87af126-e994-4f36-9186-f5e77b7e6977",
    "data": [
      {
        "text": "this is not funny",
        "userDefined": false
      }
    ],
    "isTemplate": false,
    "count": 0,
    "updated": 0
  },
  {
    "id": "e0c81f98-c3d3-4fe5-a763-c29f4020393c",
    "data": [
      {
        "text": "i didn\u0027t like this joke",
        "userDefined": false
      }
    ],
    "isTemplate": false,
    "count": 0,
    "updated": 0
  },
  {
    "id": "0d6021a4-08a3-4c51-a16e-6e0e9861e3d9",
    "data": [
      {
        "text": "not funny at all",
        "userDefined": false
      }
    ],
    "isTemplate": false,
    "count": 0,
    "updated": 0
  }
]