[
  {
    "id": "0cc48880-2e52-4ebd-8784-587bd98affe5",
    "data": [
      {
        "text": "ready for more",
        "userDefined": false
      }
    ],
    "isTemplate": false,
    "count": 0
  },
  {
    "id": "177439e5-5b7d-46fb-aca9-be1b24420719",
    "data": [
      {
        "text": "sure",
        "userDefined": false
      }
    ],
    "isTemplate": false,
    "count": 0,
    "updated": 1508357352
  },
  {
    "id": "a2c8a7f4-2a92-43ee-b9c3-be07c18a261a",
    "data": [
      {
        "text": "more",
        "userDefined": false
      }
    ],
    "isTemplate": false,
    "count": 0,
    "updated": 0
  },
  {
    "id": "5c7a5e86-e392-40d4-b257-9ed2eba9867b",
    "data": [
      {
        "text": "another ",
        "userDefined": false
      },
      {
        "text": "one",
        "meta": "@sys.ignore",
        "userDefined": false
      }
    ],
    "isTemplate": false,
    "count": 0,
    "updated": 0
  },
  {
    "id": "697ff966-615d-4458-990d-6af036f1d13f",
    "data": [
      {
        "text": "I\u0027m ready for more",
        "userDefined": false
      }
    ],
    "isTemplate": false,
    "count": 0
  },
  {
    "id": "6cbce80e-0d8b-4968-9324-45480fbc61cd",
    "data": [
      {
        "text": "next",
        "userDefined": false
      }
    ],
    "isTemplate": false,
    "count": 0,
    "updated": 0
  },
  {
    "id": "fbcaca25-d811-493c-b63b-a8f1ea6df02f",
    "data": [
      {
        "text": "why not",
        "userDefined": false
      }
    ],
    "isTemplate": false,
    "count": 0,
    "updated": 1508357543
  },
  {
    "id": "ea8a1c13-00d3-4f78-8eee-b3959935bc8e",
    "data": [
      {
        "text": "more jokes",
        "userDefined": false
      }
    ],
    "isTemplate": false,
    "count": 0,
    "updated": 0
  },
  {
    "id": "f43700be-fe47-449d-a408-b43a5a3b8809",
    "data": [
      {
        "text": "more fun",
        "userDefined": false
      }
    ],
    "isTemplate": false,
    "count": 0,
    "updated": 0
  },
  {
    "id": "ebaf3257-3c9b-49d4-a5a7-09ec0ab137a2",
    "data": [
      {
        "text": "yes sure",
        "userDefined": false
      }
    ],
    "isTemplate": false,
    "count": 0,
    "updated": 1508357543
  },
  {
    "id": "9a343f48-4284-4cdb-a7ce-896aebae0c9b",
    "data": [
      {
        "text": "what else",
        "userDefined": false
      }
    ],
    "isTemplate": false,
    "count": 0,
    "updated": 0
  },
  {
    "id": "bda2e5ec-43a1-4432-a76b-cb8d02e93856",
    "data": [
      {
        "text": "tell me more",
        "userDefined": false
      }
    ],
    "isTemplate": false,
    "count": 0,
    "updated": 0
  },
  {
    "id": "8df214b3-7551-4263-a5fa-9c5d758296cf",
    "data": [
      {
        "text": "yes",
        "userDefined": false
      }
    ],
    "isTemplate": false,
    "count": 0,
    "updated": 1508357352
  },
  {
    "id": "9dbadfa0-b64a-42ab-9565-5743a49adcc7",
    "data": [
      {
        "text": "tell me another",
        "userDefined": false
      }
    ],
    "isTemplate": false,
    "count": 0,
    "updated": 1508357202
  },
  {
    "id": "26e4d506-0bd9-40f9-9366-0d58d3e40a6d",
    "data": [
      {
        "text": "go for it",
        "userDefined": false
      }
    ],
    "isTemplate": false,
    "count": 0,
    "updated": 1508357543
  },
  {
    "id": "97a8c1a0-0576-40c3-854d-a34ea255c69c",
    "data": [
      {
        "text": "okay",
        "userDefined": false
      }
    ],
    "isTemplate": false,
    "count": 0,
    "updated": 1508357352
  },
  {
    "id": "74f2d9ef-ab37-481d-8498-c259349854d9",
    "data": [
      {
        "text": "do you have more",
        "userDefined": false
      }
    ],
    "isTemplate": false,
    "count": 0,
    "updated": 0
  },
  {
    "id": "01e070d2-0373-42e1-96f5-20e55b89a552",
    "data": [
      {
        "text": "ok",
        "userDefined": false
      }
    ],
    "isTemplate": false,
    "count": 0,
    "updated": 1508357352
  },
  {
    "id": "1532734e-be23-4a59-8fd0-f2a18c0de3df",
    "data": [
      {
        "text": "are there more",
        "userDefined": false
      }
    ],
    "isTemplate": false,
    "count": 0,
    "updated": 0
  },
  {
    "id": "b07659d0-a1fe-40ee-a6f7-6a5ef523de83",
    "data": [
      {
        "text": "another joke",
        "userDefined": false
      }
    ],
    "isTemplate": false,
    "count": 0,
    "updated": 0
  },
  {
    "id": "1342179f-73c2-4c33-aee3-ae1d4f798b4e",
    "data": [
      {
        "text": "anything else",
        "userDefined": false
      }
    ],
    "isTemplate": false,
    "count": 0,
    "updated": 0
  },
  {
    "id": "7ee98d18-3dc2-47bf-a15c-f1795505b5e3",
    "data": [
      {
        "text": "ready",
        "userDefined": false
      }
    ],
    "isTemplate": false,
    "count": 0
  }
]