[
  {
    "id": "f24c676f-760f-4298-8e47-d1b2a0fe3921",
    "data": [
      {
        "text": "ahha",
        "userDefined": false
      }
    ],
    "isTemplate": false,
    "count": 0,
    "updated": 0
  },
  {
    "id": "f6ffd8fe-baae-4ddd-a4fa-fb07f4b9e0fb",
    "data": [
      {
        "text": "I like your sense of humor",
        "userDefined": false
      }
    ],
    "isTemplate": false,
    "count": 1,
    "updated": 1500400657
  },
  {
    "id": "b77964d9-132a-4b96-8856-b602daeacfad",
    "data": [
      {
        "text": "i do like your jokes",
        "userDefined": false
      }
    ],
    "isTemplate": false,
    "count": 0,
    "updated": 0
  },
  {
    "id": "ece83fa3-df06-4cae-bd88-fc48966b6c6d",
    "data": [
      {
        "text": "I love your jokes",
        "userDefined": false
      }
    ],
    "isTemplate": false,
    "count": 1,
    "updated": 0
  },
  {
    "id": "7f802106-da53-4a7d-aa04-937e5365fab6",
    "data": [
      {
        "text": "I loved that joke",
        "userDefined": false
      }
    ],
    "isTemplate": false,
    "count": 1,
    "updated": 0
  },
  {
    "id": "c0cc7a77-3263-4226-b291-21351d05b66d",
    "data": [
      {
        "text": "hahaha",
        "userDefined": false
      }
    ],
    "isTemplate": false,
    "count": 0,
    "updated": 0
  },
  {
    "id": "86cf97b7-cdac-4c58-b7ce-95a64c8baf6f",
    "data": [
      {
        "text": "you\u0027re funny",
        "userDefined": false
      }
    ],
    "isTemplate": false,
    "count": 0,
    "updated": 0
  },
  {
    "id": "46c5146b-1007-4d48-af0c-0f614666aec8",
    "data": [
      {
        "text": "funny",
        "userDefined": false
      }
    ],
    "isTemplate": false,
    "count": 0,
    "updated": 0
  },
  {
    "id": "cdd4a6dc-0e51-45d4-a770-f7160f6eb58a",
    "data": [
      {
        "text": "i like this ",
        "userDefined": false
      },
      {
        "text": "one",
        "meta": "@sys.ignore",
        "userDefined": false
      }
    ],
    "isTemplate": false,
    "count": 0,
    "updated": 0
  },
  {
    "id": "4039d8a0-86fc-4313-82f9-c3c067a11482",
    "data": [
      {
        "text": "ahahah lol",
        "userDefined": false
      }
    ],
    "isTemplate": false,
    "count": 0,
    "updated": 0
  },
  {
    "id": "533a6e3d-c90e-4eaf-bc6f-53c41e34aa38",
    "data": [
      {
        "text": "cool",
        "userDefined": false
      }
    ],
    "isTemplate": false,
    "count": 0,
    "updated": 1500626745
  },
  {
    "id": "7439ab50-861d-4e71-a376-5d09485611f2",
    "data": [
      {
        "text": "your jokes are always funny",
        "userDefined": false
      }
    ],
    "isTemplate": false,
    "count": 0,
    "updated": 0
  },
  {
    "id": "19ed870b-6513-4242-a2f0-ab9cb895b8ad",
    "data": [
      {
        "text": "nice joke",
        "userDefined": false
      }
    ],
    "isTemplate": false,
    "count": 1,
    "updated": 0
  },
  {
    "id": "48348625-3264-4275-8ef9-4f49a2832640",
    "data": [
      {
        "text": "it\u0027s the funniest joke ever",
        "userDefined": false
      }
    ],
    "isTemplate": false,
    "count": 0,
    "updated": 0
  },
  {
    "id": "71b9ea33-670a-4cc3-8ca5-eb05195f50ba",
    "data": [
      {
        "text": "you are so witty",
        "userDefined": false
      }
    ],
    "isTemplate": false,
    "count": 0,
    "updated": 0
  },
  {
    "id": "28b9664c-60c9-4e26-a4ed-0c230fc4a10b",
    "data": [
      {
        "text": "you are so funny",
        "userDefined": false
      }
    ],
    "isTemplate": false,
    "count": 0,
    "updated": 0
  },
  {
    "id": "7d73b891-5b59-49c1-aef2-c7516393d6a4",
    "data": [
      {
        "text": "hilarious",
        "userDefined": false
      }
    ],
    "isTemplate": false,
    "count": 0,
    "updated": 0
  },
  {
    "id": "1b2e04d3-4cb4-49f9-ad19-ba7b468928ed",
    "data": [
      {
        "text": "good joke",
        "userDefined": false
      }
    ],
    "isTemplate": false,
    "count": 0,
    "updated": 0
  },
  {
    "id": "92bbef40-1630-40d6-bfa9-a1e9ded64683",
    "data": [
      {
        "text": "rofl",
        "userDefined": false
      }
    ],
    "isTemplate": false,
    "count": 0,
    "updated": 0
  },
  {
    "id": "cde17dad-7bad-4330-8f90-1ff702c50622",
    "data": [
      {
        "text": "so funny",
        "userDefined": false
      }
    ],
    "isTemplate": false,
    "count": 0,
    "updated": 0
  },
  {
    "id": "e0bab1d7-770d-4bb2-b1dc-fb7a8a7e006e",
    "data": [
      {
        "text": "nice one",
        "userDefined": false
      }
    ],
    "isTemplate": false,
    "count": 0,
    "updated": 0
  },
  {
    "id": "69f3beb4-aa1a-43bd-b8ac-a007eae2bfc6",
    "data": [
      {
        "text": "lol",
        "userDefined": false
      }
    ],
    "isTemplate": false,
    "count": 0,
    "updated": 0
  },
  {
    "id": "e055fb51-2e9d-4b54-9e70-7d11888f9b44",
    "data": [
      {
        "text": "you have such a good sense of humor",
        "userDefined": false
      }
    ],
    "isTemplate": false,
    "count": 1,
    "updated": 1500400657
  },
  {
    "id": "7188df33-7621-4691-ad60-21aa32549af5",
    "data": [
      {
        "text": "haha you have a good sense of humor",
        "userDefined": false
      }
    ],
    "isTemplate": false,
    "count": 1,
    "updated": 1500400657
  },
  {
    "id": "678559c5-c6b1-4ac9-baac-ddd6cb513345",
    "data": [
      {
        "text": "nice",
        "meta": "@sys.ignore",
        "userDefined": false
      },
      {
        "text": " joke I like it",
        "userDefined": false
      }
    ],
    "isTemplate": false,
    "count": 0,
    "updated": 0
  },
  {
    "id": "9243fe3b-bcb1-4636-92b0-1e316e80ca55",
    "data": [
      {
        "text": "great joke",
        "userDefined": false
      }
    ],
    "isTemplate": false,
    "count": 0,
    "updated": 0
  },
  {
    "id": "f1e0fa2b-9ac4-437b-8dc2-02a082e44b98",
    "data": [
      {
        "text": "your jokes are good",
        "userDefined": false
      }
    ],
    "isTemplate": false,
    "count": 0,
    "updated": 0
  },
  {
    "id": "9db8b7e1-ad05-4aca-968f-7a31122c8547",
    "data": [
      {
        "text": "I do appreciate your sense of humor",
        "userDefined": false
      }
    ],
    "isTemplate": false,
    "count": 0,
    "updated": 1500400657
  }
]