[
  {
    "id": "d01cf2b3-d66a-4f24-9cc4-251695a1d942",
    "data": [
      {
        "text": "favourite",
        "meta": "@sys.ignore",
        "userDefined": false
      },
      {
        "text": " this song",
        "userDefined": false
      }
    ],
    "isTemplate": false,
    "count": 0,
    "updated": 0
  },
  {
    "id": "d7bfa4fb-97ef-481e-a7c1-bceb0351564c",
    "data": [
      {
        "text": "put this track into my favourites",
        "userDefined": false
      }
    ],
    "isTemplate": false,
    "count": 0,
    "updated": 0
  },
  {
    "id": "3ef5c807-21da-4090-8b41-3a607168fd33",
    "data": [
      {
        "text": "add it to ",
        "userDefined": false
      },
      {
        "text": "my favourites",
        "meta": "@sys.ignore",
        "userDefined": false
      }
    ],
    "isTemplate": false,
    "count": 0,
    "updated": 0
  },
  {
    "id": "2d458a98-f9a0-4a6c-9538-e61725b6d4ee",
    "data": [
      {
        "text": "add this song to ",
        "userDefined": false
      },
      {
        "text": "favorite",
        "meta": "@sys.ignore",
        "userDefined": false
      }
    ],
    "isTemplate": false,
    "count": 0,
    "updated": 0
  },
  {
    "id": "925a3d78-aee1-46db-8170-09bb1b9a6602",
    "data": [
      {
        "text": "fave",
        "meta": "@sys.ignore",
        "userDefined": false
      },
      {
        "text": " this song",
        "userDefined": false
      }
    ],
    "isTemplate": false,
    "count": 0,
    "updated": 0
  },
  {
    "id": "e7b39d85-1cd9-4f80-bd42-20bddea93119",
    "data": [
      {
        "text": "add to ",
        "userDefined": false
      },
      {
        "text": "faves",
        "meta": "@sys.ignore",
        "userDefined": false
      }
    ],
    "isTemplate": false,
    "count": 0,
    "updated": 0
  },
  {
    "id": "c4e17550-9b1f-4a3d-a6cc-1bac9dc4c3b4",
    "data": [
      {
        "text": "could you mark it as favourite",
        "userDefined": false
      }
    ],
    "isTemplate": false,
    "count": 0,
    "updated": 0
  },
  {
    "id": "84e3279a-6e3b-4b0a-ad30-b99db24190fb",
    "data": [
      {
        "text": "I",
        "meta": "@sys.ignore",
        "userDefined": false
      },
      {
        "text": " ",
        "userDefined": false
      },
      {
        "text": "love",
        "meta": "@sys.ignore",
        "userDefined": false
      },
      {
        "text": " this song",
        "userDefined": false
      }
    ],
    "isTemplate": false,
    "count": 0,
    "updated": 0
  },
  {
    "id": "d8468607-2b5c-43a7-9e24-7a9c0ec5b77c",
    "data": [
      {
        "text": "it\u0027s my favourite",
        "userDefined": false
      }
    ],
    "isTemplate": false,
    "count": 0,
    "updated": 0
  },
  {
    "id": "70fbe191-0309-4471-909b-c424537f9abb",
    "data": [
      {
        "text": "remember this song",
        "userDefined": false
      }
    ],
    "isTemplate": false,
    "count": 0,
    "updated": 0
  },
  {
    "id": "5fd4127e-803c-4172-ad87-068919fcd2af",
    "data": [
      {
        "text": "add this song to my ",
        "userDefined": false
      },
      {
        "text": "favourites",
        "meta": "@sys.ignore",
        "userDefined": false
      }
    ],
    "isTemplate": false,
    "count": 0,
    "updated": 0
  }
]