[
  {
    "id": "5ff00e5b-76f1-49da-b6f1-5479d05d27b7",
    "data": [
      {
        "text": "shuffle ",
        "userDefined": false
      },
      {
        "text": "Kanye West",
        "alias": "artist",
        "meta": "@sys.music-artist",
        "userDefined": true
      },
      {
        "text": "\u0027s albums",
        "userDefined": false
      }
    ],
    "isTemplate": false,
    "count": 0,
    "updated": 0
  },
  {
    "id": "7aff4bc9-aff2-4153-a09c-ca5cbee92c89",
    "data": [
      {
        "text": "shuffle ",
        "userDefined": false
      },
      {
        "text": "songs",
        "meta": "@sys.ignore",
        "userDefined": false
      },
      {
        "text": " from ",
        "userDefined": false
      },
      {
        "text": "the year",
        "meta": "@sys.ignore",
        "userDefined": false
      },
      {
        "text": " ",
        "userDefined": false
      },
      {
        "text": "2000",
        "alias": "year",
        "meta": "@sys.number",
        "userDefined": false
      }
    ],
    "isTemplate": false,
    "count": 0,
    "updated": 0
  },
  {
    "id": "afa06576-f73d-43b7-907a-0ae554474242",
    "data": [
      {
        "text": "shuffle the album ",
        "userDefined": false
      },
      {
        "text": "Songs about Jane",
        "alias": "album",
        "meta": "@music-album",
        "userDefined": true
      }
    ],
    "isTemplate": false,
    "count": 0,
    "updated": 0
  },
  {
    "id": "d389e1bb-bac8-458a-8053-9c430fde3a68",
    "data": [
      {
        "text": "shuffle my playlist",
        "userDefined": false
      }
    ],
    "isTemplate": false,
    "count": 0,
    "updated": 0
  },
  {
    "id": "84618036-99e4-4703-a90f-b810a2372df0",
    "data": [
      {
        "text": "shuffle ",
        "userDefined": false
      },
      {
        "text": "Faves",
        "alias": "playlist",
        "meta": "@playlist",
        "userDefined": true
      },
      {
        "text": " playlist",
        "userDefined": false
      }
    ],
    "isTemplate": false,
    "count": 0,
    "updated": 0
  },
  {
    "id": "26d78d65-8e60-46f1-bf0c-2ec60cdd18d8",
    "data": [
      {
        "text": "shuffle ",
        "userDefined": false
      },
      {
        "text": "White Album",
        "alias": "album",
        "meta": "@music-album",
        "userDefined": true
      },
      {
        "text": " by ",
        "userDefined": false
      },
      {
        "text": "The Beatles",
        "alias": "artist",
        "meta": "@sys.music-artist",
        "userDefined": true
      }
    ],
    "isTemplate": false,
    "count": 0,
    "updated": 0
  },
  {
    "id": "7d64747d-464e-4cbb-b6d6-2c73e8fa702b",
    "data": [
      {
        "text": "can you shuffle tracks",
        "userDefined": false
      }
    ],
    "isTemplate": false,
    "count": 0,
    "updated": 0
  },
  {
    "id": "0b831ce5-b242-4097-a6b5-ab3b6543be0f",
    "data": [
      {
        "text": "shuffle ",
        "userDefined": false
      },
      {
        "text": "Eminem",
        "alias": "artist",
        "meta": "@sys.music-artist",
        "userDefined": true
      },
      {
        "text": "\u0027s songs",
        "userDefined": false
      }
    ],
    "isTemplate": false,
    "count": 0,
    "updated": 0
  },
  {
    "id": "62269781-1da0-4411-9a20-d5e7ded16624",
    "data": [
      {
        "text": "could you shuffle my ",
        "userDefined": false
      },
      {
        "text": "Work",
        "alias": "playlist",
        "meta": "@playlist",
        "userDefined": true
      },
      {
        "text": " playlist",
        "userDefined": false
      }
    ],
    "isTemplate": false,
    "count": 0,
    "updated": 0
  },
  {
    "id": "e079db55-4761-44b7-ad90-159f24cf6941",
    "data": [
      {
        "text": "I\u0027d like you to shuffle my ",
        "userDefined": false
      },
      {
        "text": "Gym",
        "alias": "playlist",
        "meta": "@playlist",
        "userDefined": true
      },
      {
        "text": " playlist",
        "userDefined": false
      }
    ],
    "isTemplate": false,
    "count": 0,
    "updated": 0
  },
  {
    "id": "118ef420-4b8e-4b0b-9855-5d0e64ee6b10",
    "data": [
      {
        "text": "shuffle ",
        "userDefined": false
      },
      {
        "text": "all",
        "meta": "@sys.ignore",
        "userDefined": true
      },
      {
        "text": " my ",
        "userDefined": false
      },
      {
        "text": "jazz",
        "alias": "genre",
        "meta": "@sys.music-genre",
        "userDefined": true
      },
      {
        "text": " ",
        "userDefined": false
      },
      {
        "text": "music",
        "meta": "@sys.ignore",
        "userDefined": true
      }
    ],
    "isTemplate": false,
    "count": 0,
    "updated": 0
  },
  {
    "id": "ee5e68e2-8e8b-4997-a112-9419049051ee",
    "data": [
      {
        "text": "shuffle songs by ",
        "userDefined": false
      },
      {
        "text": "Rihanna",
        "alias": "artist",
        "meta": "@sys.music-artist",
        "userDefined": true
      },
      {
        "text": " feat ",
        "userDefined": false
      },
      {
        "text": "Eminem",
        "alias": "artist",
        "meta": "@sys.music-artist",
        "userDefined": true
      }
    ],
    "isTemplate": false,
    "count": 0,
    "updated": 0
  },
  {
    "id": "c7209b13-78ea-46e1-a4b7-aa024bb1f039",
    "data": [
      {
        "text": "shuffle ",
        "userDefined": false
      },
      {
        "text": "country",
        "alias": "genre",
        "meta": "@sys.music-genre",
        "userDefined": true
      },
      {
        "text": " music ",
        "userDefined": false
      },
      {
        "text": "on",
        "meta": "@sys.ignore",
        "userDefined": true
      },
      {
        "text": " my device",
        "userDefined": false
      }
    ],
    "isTemplate": false,
    "count": 0,
    "updated": 0
  },
  {
    "id": "30c8c06c-6209-456f-b27e-ad085352fe7d",
    "data": [
      {
        "text": "shuffle ",
        "userDefined": false
      },
      {
        "text": "Nirvana",
        "alias": "artist",
        "meta": "@sys.music-artist",
        "userDefined": true
      },
      {
        "text": "\u0027s ",
        "userDefined": false
      },
      {
        "text": "Nevermind",
        "alias": "album",
        "meta": "@music-album",
        "userDefined": true
      },
      {
        "text": " album",
        "userDefined": false
      }
    ],
    "isTemplate": false,
    "count": 0,
    "updated": 0
  },
  {
    "id": "c056fa27-784c-4ae9-a6cd-6909d65a4617",
    "data": [
      {
        "text": "shuffle ",
        "userDefined": false
      },
      {
        "text": "Lucky Star",
        "alias": "album",
        "meta": "@music-album",
        "userDefined": true
      },
      {
        "text": " album by ",
        "userDefined": false
      },
      {
        "text": "Madonna",
        "alias": "artist",
        "meta": "@sys.music-artist",
        "userDefined": true
      },
      {
        "text": " year ",
        "userDefined": false
      },
      {
        "text": "1968",
        "alias": "year",
        "meta": "@sys.number",
        "userDefined": true
      }
    ],
    "isTemplate": false,
    "count": 0,
    "updated": 0
  }
]