[
  {
    "id": "9240a7d0-aa79-470a-9102-4abdf8982f01",
    "data": [
      {
        "text": "download ",
        "userDefined": false
      },
      {
        "text": "The Beatles",
        "alias": "artist",
        "meta": "@sys.music-artist",
        "userDefined": false
      }
    ],
    "isTemplate": false,
    "count": 0,
    "updated": 0
  },
  {
    "id": "9a30fd4e-ff30-4c69-be89-3eae12b866da",
    "data": [
      {
        "text": "download ",
        "userDefined": false
      },
      {
        "text": "Blackbird",
        "alias": "song",
        "meta": "@song",
        "userDefined": false
      },
      {
        "text": " ",
        "userDefined": false
      },
      {
        "text": "from",
        "meta": "@sys.ignore",
        "userDefined": false
      },
      {
        "text": " SD ",
        "userDefined": false
      },
      {
        "text": "card",
        "meta": "@sys.ignore",
        "userDefined": false
      }
    ],
    "isTemplate": false,
    "count": 0,
    "updated": 0
  },
  {
    "id": "f17a9a4a-e052-420e-81ff-2bf90f8f6126",
    "data": [
      {
        "text": "download",
        "meta": "@sys.ignore",
        "userDefined": true
      },
      {
        "text": " album by ",
        "userDefined": false
      },
      {
        "text": "Rihanna",
        "alias": "artist",
        "meta": "@sys.music-artist",
        "userDefined": true
      },
      {
        "text": " ",
        "userDefined": false
      },
      {
        "text": "year",
        "meta": "@sys.ignore",
        "userDefined": true
      },
      {
        "text": " ",
        "userDefined": false
      },
      {
        "text": "2016",
        "alias": "start-year",
        "meta": "@sys.number",
        "userDefined": true
      }
    ],
    "isTemplate": false,
    "count": 0,
    "updated": 0
  },
  {
    "id": "63140399-0349-46a9-8db5-d0451b076330",
    "data": [
      {
        "text": "download a song from ",
        "userDefined": false
      },
      {
        "text": "Prince Royce",
        "alias": "artist",
        "meta": "@sys.music-artist",
        "userDefined": false
      }
    ],
    "isTemplate": false,
    "count": 0,
    "updated": 0
  },
  {
    "id": "ef6f59b2-ba72-48dd-93a8-6a0899118a14",
    "data": [
      {
        "text": "download song ",
        "userDefined": false
      },
      {
        "text": "Bottal Khol",
        "alias": "song",
        "meta": "@song",
        "userDefined": false
      }
    ],
    "isTemplate": false,
    "count": 0,
    "updated": 0
  },
  {
    "id": "e194f5da-0602-47b1-8b88-0237e605a748",
    "data": [
      {
        "text": "download me a song",
        "userDefined": false
      }
    ],
    "isTemplate": false,
    "count": 0,
    "updated": 0
  },
  {
    "id": "6a2a9d27-08ad-4183-b63a-099bea48cf9e",
    "data": [
      {
        "text": "download a song",
        "userDefined": false
      }
    ],
    "isTemplate": false,
    "count": 0,
    "updated": 0
  },
  {
    "id": "21b7512a-aac9-4c4f-9eb0-f7f82e30833e",
    "data": [
      {
        "text": "download the ",
        "userDefined": false
      },
      {
        "text": "music",
        "meta": "@sys.ignore",
        "userDefined": true
      }
    ],
    "isTemplate": false,
    "count": 0,
    "updated": 0
  },
  {
    "id": "fd02a8af-a27f-4b6c-a8a6-0fdad80fd6c3",
    "data": [
      {
        "text": "download me the song ",
        "userDefined": false
      },
      {
        "text": "Rap Call",
        "alias": "song",
        "meta": "@song",
        "userDefined": false
      },
      {
        "text": " by ",
        "userDefined": false
      },
      {
        "text": "Eminem",
        "alias": "artist",
        "meta": "@sys.music-artist",
        "userDefined": false
      }
    ],
    "isTemplate": false,
    "count": 0,
    "updated": 0
  },
  {
    "id": "30614ce2-59c9-4547-91ab-c508621d7d19",
    "data": [
      {
        "text": "download ",
        "userDefined": false
      },
      {
        "text": "The Logical Song",
        "alias": "song",
        "meta": "@song",
        "userDefined": false
      }
    ],
    "isTemplate": false,
    "count": 0,
    "updated": 0
  },
  {
    "id": "e50e11a8-45ae-4552-b62a-902183ae634d",
    "data": [
      {
        "text": "download the song ",
        "userDefined": false
      },
      {
        "text": "Timber",
        "alias": "song",
        "meta": "@song",
        "userDefined": false
      }
    ],
    "isTemplate": false,
    "count": 0,
    "updated": 0
  },
  {
    "id": "69535a66-8c19-4b20-9110-0ef0a70b730f",
    "data": [
      {
        "text": "I\u0027d like to download the album ",
        "userDefined": false
      },
      {
        "text": "Empty Sky",
        "alias": "song",
        "meta": "@song",
        "userDefined": true
      },
      {
        "text": " by ",
        "userDefined": false
      },
      {
        "text": "Elton John",
        "alias": "artist",
        "meta": "@sys.music-artist",
        "userDefined": true
      }
    ],
    "isTemplate": false,
    "count": 5,
    "updated": 0
  },
  {
    "id": "4a2b7426-f166-456d-bdea-a5a7d32710af",
    "data": [
      {
        "text": "download the song ",
        "userDefined": false
      },
      {
        "text": "Chinta Ta Ta Chita Chita",
        "alias": "song",
        "meta": "@song",
        "userDefined": false
      },
      {
        "text": " to my download list",
        "userDefined": false
      }
    ],
    "isTemplate": false,
    "count": 3,
    "updated": 0
  },
  {
    "id": "8738688c-06a6-41ba-8162-bf1391c743b1",
    "data": [
      {
        "text": "download ",
        "userDefined": false
      },
      {
        "text": "One Direction",
        "alias": "artist",
        "meta": "@sys.music-artist",
        "userDefined": true
      },
      {
        "text": " songs",
        "userDefined": false
      }
    ],
    "isTemplate": false,
    "count": 0,
    "updated": 0
  },
  {
    "id": "8ab74a5a-903a-40a7-a5cb-20ea19e276d7",
    "data": [
      {
        "text": "download ",
        "userDefined": false
      },
      {
        "text": "ringtone",
        "meta": "@sys.ignore",
        "userDefined": true
      }
    ],
    "isTemplate": false,
    "count": 0,
    "updated": 0
  },
  {
    "id": "ee74cdb0-cece-4ae6-9e80-d43f5ab997fd",
    "data": [
      {
        "text": "download ",
        "userDefined": false
      },
      {
        "text": "Kenny G",
        "alias": "artist",
        "meta": "@sys.music-artist",
        "userDefined": false
      },
      {
        "text": " song",
        "userDefined": false
      }
    ],
    "isTemplate": false,
    "count": 7,
    "updated": 0
  },
  {
    "id": "3bd2dcfe-012a-4418-805c-8fb5320ee6ed",
    "data": [
      {
        "text": "download some ",
        "userDefined": false
      },
      {
        "text": "rock n roll",
        "alias": "genre",
        "meta": "@sys.music-genre",
        "userDefined": false
      },
      {
        "text": " ",
        "userDefined": false
      },
      {
        "text": "music",
        "meta": "@sys.ignore",
        "userDefined": false
      }
    ],
    "isTemplate": false,
    "count": 0,
    "updated": 0
  },
  {
    "id": "8e8a9cd9-2dc1-46b6-8749-8f3034b06ce3",
    "data": [
      {
        "text": "download ",
        "userDefined": false
      },
      {
        "text": "Lean On",
        "alias": "song",
        "meta": "@song",
        "userDefined": true
      },
      {
        "text": " song",
        "userDefined": false
      }
    ],
    "isTemplate": false,
    "count": 0,
    "updated": 0
  },
  {
    "id": "5361e2e8-b2d5-4ca1-820c-de28d8aae97d",
    "data": [
      {
        "text": "now download ",
        "userDefined": false
      },
      {
        "text": "Cocktail",
        "alias": "song",
        "meta": "@song",
        "userDefined": false
      },
      {
        "text": " song",
        "userDefined": false
      }
    ],
    "isTemplate": false,
    "count": 5,
    "updated": 0
  },
  {
    "id": "41fd532f-9dd1-47a4-87d6-807971af66fd",
    "data": [
      {
        "text": "download a song by ",
        "userDefined": false
      },
      {
        "text": "George Michael",
        "alias": "artist",
        "meta": "@sys.music-artist",
        "userDefined": false
      }
    ],
    "isTemplate": false,
    "count": 0,
    "updated": 0
  },
  {
    "id": "9b8ca221-4df1-40cc-b032-4bbbce9263a4",
    "data": [
      {
        "text": "download the songs",
        "userDefined": false
      }
    ],
    "isTemplate": false,
    "count": 0,
    "updated": 0
  },
  {
    "id": "267cf5f3-4e66-4b27-a693-2698bce72ccb",
    "data": [
      {
        "text": "start downloading the song",
        "userDefined": false
      }
    ],
    "isTemplate": false,
    "count": 0,
    "updated": 0
  },
  {
    "id": "4bd0aa88-c37c-44fb-a642-db151a86df97",
    "data": [
      {
        "text": "download me a song from ",
        "userDefined": false
      },
      {
        "text": "the Beatles",
        "alias": "artist",
        "meta": "@sys.music-artist",
        "userDefined": false
      }
    ],
    "isTemplate": false,
    "count": 0,
    "updated": 0
  },
  {
    "id": "91e7f7a9-9253-4421-b84b-ed021171b463",
    "data": [
      {
        "text": "download",
        "meta": "@sys.ignore",
        "userDefined": true
      },
      {
        "text": " the ",
        "userDefined": false
      },
      {
        "text": "newest",
        "alias": "sort",
        "meta": "@music-sort",
        "userDefined": true
      },
      {
        "text": " song by ",
        "userDefined": false
      },
      {
        "text": "Eminem",
        "alias": "artist",
        "meta": "@sys.music-artist",
        "userDefined": true
      }
    ],
    "isTemplate": false,
    "count": 0,
    "updated": 0
  },
  {
    "id": "8124e114-9485-47dc-b929-3c1e14ed5126",
    "data": [
      {
        "text": "download some ",
        "userDefined": false
      },
      {
        "text": "rock",
        "alias": "genre",
        "meta": "@sys.music-genre",
        "userDefined": true
      },
      {
        "text": " music from ",
        "userDefined": false
      },
      {
        "text": "Spotify",
        "alias": "service",
        "meta": "@music-service",
        "userDefined": true
      }
    ],
    "isTemplate": false,
    "count": 0,
    "updated": 0
  },
  {
    "id": "35068a44-e845-4f40-b828-9269e3ef0800",
    "data": [
      {
        "text": "download a ",
        "userDefined": false
      },
      {
        "text": "country",
        "alias": "genre",
        "meta": "@sys.music-genre",
        "userDefined": false
      },
      {
        "text": " song",
        "userDefined": false
      }
    ],
    "isTemplate": false,
    "count": 0,
    "updated": 0
  },
  {
    "id": "e76f5149-6313-464e-8bc7-da0d1624acd9",
    "data": [
      {
        "text": "download song ",
        "userDefined": false
      },
      {
        "text": "Never Gone",
        "alias": "song",
        "meta": "@song",
        "userDefined": false
      }
    ],
    "isTemplate": false,
    "count": 0,
    "updated": 0
  },
  {
    "id": "ef6977dc-722b-4817-ab6f-f5be9ca2dcbf",
    "data": [
      {
        "text": "download the song ",
        "userDefined": false
      },
      {
        "text": "Whip My Hair",
        "alias": "song",
        "meta": "@song",
        "userDefined": false
      },
      {
        "text": " by ",
        "userDefined": false
      },
      {
        "text": "Willow Smith",
        "alias": "artist",
        "meta": "@sys.music-artist",
        "userDefined": false
      }
    ],
    "isTemplate": false,
    "count": 0,
    "updated": 0
  },
  {
    "id": "2a2e252e-6ef0-41fb-a242-73871198a7c0",
    "data": [
      {
        "text": "download",
        "meta": "@sys.ignore",
        "userDefined": true
      },
      {
        "text": " ",
        "userDefined": false
      },
      {
        "text": "Telugu",
        "meta": "@sys.ignore",
        "userDefined": true
      },
      {
        "text": " songs",
        "userDefined": false
      }
    ],
    "isTemplate": false,
    "count": 0,
    "updated": 0
  },
  {
    "id": "cdf62595-4abf-4c74-bfdd-ce54f091e2e4",
    "data": [
      {
        "text": "download a song ",
        "userDefined": false
      },
      {
        "text": "you",
        "meta": "@sys.ignore",
        "userDefined": false
      },
      {
        "text": " like",
        "userDefined": false
      }
    ],
    "isTemplate": false,
    "count": 0,
    "updated": 0
  },
  {
    "id": "5a991620-b06b-46c3-a2c4-107eab2543b6",
    "data": [
      {
        "text": "download the song ",
        "userDefined": false
      },
      {
        "text": "Brown Rang",
        "alias": "song",
        "meta": "@song",
        "userDefined": false
      }
    ],
    "isTemplate": false,
    "count": 0,
    "updated": 0
  },
  {
    "id": "f59fa662-18ab-4fa9-bc10-9d51d757e10b",
    "data": [
      {
        "text": "music",
        "meta": "@sys.ignore",
        "userDefined": false
      },
      {
        "text": " download",
        "userDefined": false
      }
    ],
    "isTemplate": false,
    "count": 0,
    "updated": 0
  },
  {
    "id": "4c34c1d4-7dfe-4593-b4f8-7be5da3caa70",
    "data": [
      {
        "text": "download the album ",
        "userDefined": false
      },
      {
        "text": "Starboy",
        "alias": "album",
        "meta": "@music-album",
        "userDefined": true
      }
    ],
    "isTemplate": false,
    "count": 0,
    "updated": 0
  },
  {
    "id": "f0a0bd14-d47d-4008-9591-b0b8a1b2c713",
    "data": [
      {
        "text": "download the song ",
        "userDefined": false
      },
      {
        "text": "Heal",
        "alias": "song",
        "meta": "@song",
        "userDefined": false
      }
    ],
    "isTemplate": false,
    "count": 0,
    "updated": 0
  },
  {
    "id": "dd63c35a-d65f-4f0e-ad23-7a520476aa9b",
    "data": [
      {
        "text": "download ",
        "userDefined": false
      },
      {
        "text": "Maroon 5",
        "alias": "artist",
        "meta": "@sys.music-artist",
        "userDefined": false
      },
      {
        "text": " song",
        "userDefined": false
      }
    ],
    "isTemplate": false,
    "count": 0,
    "updated": 0
  },
  {
    "id": "aae32623-df86-40ae-8b09-e29a7ce38dee",
    "data": [
      {
        "text": "download ",
        "userDefined": false
      },
      {
        "text": "music",
        "meta": "@sys.ignore",
        "userDefined": false
      },
      {
        "text": " by ",
        "userDefined": false
      },
      {
        "text": "Rolling Stones",
        "alias": "artist",
        "meta": "@sys.music-artist",
        "userDefined": false
      }
    ],
    "isTemplate": false,
    "count": 0,
    "updated": 0
  },
  {
    "id": "63618bc3-b477-4d05-b1b5-ac73932d81b4",
    "data": [
      {
        "text": "download song ",
        "userDefined": false
      },
      {
        "text": "Stairway to Heaven",
        "alias": "song",
        "meta": "@song",
        "userDefined": false
      }
    ],
    "isTemplate": false,
    "count": 0,
    "updated": 0
  },
  {
    "id": "76391484-d12e-4f4f-8ac6-4b4deca6c855",
    "data": [
      {
        "text": "download some ",
        "userDefined": false
      },
      {
        "text": "music",
        "meta": "@sys.ignore",
        "userDefined": true
      },
      {
        "text": " for me",
        "userDefined": false
      }
    ],
    "isTemplate": false,
    "count": 0,
    "updated": 0
  },
  {
    "id": "dddb7323-f6b0-4d4b-9807-8122554322c2",
    "data": [
      {
        "text": "download the song ",
        "userDefined": false
      },
      {
        "text": "Back in Time",
        "alias": "song",
        "meta": "@song",
        "userDefined": false
      },
      {
        "text": " by ",
        "userDefined": false
      },
      {
        "text": "Pitbull",
        "alias": "artist",
        "meta": "@sys.music-artist",
        "userDefined": false
      }
    ],
    "isTemplate": false,
    "count": 0,
    "updated": 0
  },
  {
    "id": "6c186ac2-9767-4477-a5ec-3890667605be",
    "data": [
      {
        "text": "download",
        "meta": "@sys.ignore",
        "userDefined": true
      },
      {
        "text": " some songs ",
        "userDefined": false
      },
      {
        "text": "in",
        "meta": "@sys.ignore",
        "userDefined": true
      },
      {
        "text": " ",
        "userDefined": false
      },
      {
        "text": "Hindi",
        "meta": "@sys.ignore",
        "userDefined": true
      }
    ],
    "isTemplate": false,
    "count": 0,
    "updated": 0
  },
  {
    "id": "c6d3a2de-de73-4461-8226-6215289f5b96",
    "data": [
      {
        "text": "download the song",
        "userDefined": false
      }
    ],
    "isTemplate": false,
    "count": 0,
    "updated": 0
  },
  {
    "id": "919b6fdc-cc05-4181-b3c7-760a21d422b6",
    "data": [
      {
        "text": "can",
        "meta": "@sys.ignore",
        "userDefined": false
      },
      {
        "text": " ",
        "userDefined": false
      },
      {
        "text": "you",
        "meta": "@sys.ignore",
        "userDefined": false
      },
      {
        "text": " download a song",
        "userDefined": false
      }
    ],
    "isTemplate": false,
    "count": 0,
    "updated": 0
  },
  {
    "id": "6546fc3f-272c-4282-958e-c403b09831d3",
    "data": [
      {
        "text": "download this song ",
        "userDefined": false
      },
      {
        "text": "My Story",
        "alias": "song",
        "meta": "@song",
        "userDefined": false
      }
    ],
    "isTemplate": false,
    "count": 0,
    "updated": 0
  },
  {
    "id": "482caeb5-1c7a-492e-892f-86eb51ca29f2",
    "data": [
      {
        "text": "download song ",
        "userDefined": false
      },
      {
        "text": "The Man",
        "alias": "song",
        "meta": "@song",
        "userDefined": false
      }
    ],
    "isTemplate": false,
    "count": 0,
    "updated": 0
  },
  {
    "id": "aaa84b33-7bed-43e6-8696-532e7ee41ec2",
    "data": [
      {
        "text": "download me a song by ",
        "userDefined": false
      },
      {
        "text": "Aventura",
        "alias": "artist",
        "meta": "@sys.music-artist",
        "userDefined": false
      }
    ],
    "isTemplate": false,
    "count": 0,
    "updated": 0
  },
  {
    "id": "e63a7c65-ea2b-4674-91cd-423b7efac6f5",
    "data": [
      {
        "text": "download",
        "meta": "@sys.ignore",
        "userDefined": true
      },
      {
        "text": " ",
        "userDefined": false
      },
      {
        "text": "Bowie",
        "alias": "artist",
        "meta": "@sys.music-artist",
        "userDefined": true
      },
      {
        "text": " before ",
        "userDefined": false
      },
      {
        "text": "1970",
        "alias": "end-year",
        "meta": "@sys.number",
        "userDefined": true
      }
    ],
    "isTemplate": false,
    "count": 0,
    "updated": 0
  },
  {
    "id": "37f4b14a-f11e-45f1-a4dd-e6f1a46e6e41",
    "data": [
      {
        "text": "download ",
        "userDefined": false
      },
      {
        "text": "Home Sweet Home",
        "alias": "song",
        "meta": "@song",
        "userDefined": false
      }
    ],
    "isTemplate": false,
    "count": 0,
    "updated": 0
  },
  {
    "id": "777fe814-3d09-43a2-8551-6d2a8a29d82b",
    "data": [
      {
        "text": "download song ",
        "userDefined": false
      },
      {
        "text": "Before June Gets Back",
        "alias": "song",
        "meta": "@song",
        "userDefined": false
      }
    ],
    "isTemplate": false,
    "count": 0,
    "updated": 0
  },
  {
    "id": "ccb86cf0-d24f-4b76-a5a7-ac99d83e7803",
    "data": [
      {
        "text": "download",
        "meta": "@sys.ignore",
        "userDefined": true
      },
      {
        "text": " ",
        "userDefined": false
      },
      {
        "text": "latest",
        "alias": "sort",
        "meta": "@music-sort",
        "userDefined": true
      },
      {
        "text": " ",
        "userDefined": false
      },
      {
        "text": "Metallica",
        "alias": "artist",
        "meta": "@sys.music-artist",
        "userDefined": true
      }
    ],
    "isTemplate": false,
    "count": 0,
    "updated": 0
  },
  {
    "id": "a9d38009-bc95-4bbf-8be9-9a827ab16fef",
    "data": [
      {
        "text": "can",
        "meta": "@sys.ignore",
        "userDefined": false
      },
      {
        "text": " ",
        "userDefined": false
      },
      {
        "text": "you",
        "meta": "@sys.ignore",
        "userDefined": false
      },
      {
        "text": " download a song for me",
        "userDefined": false
      }
    ],
    "isTemplate": false,
    "count": 0,
    "updated": 0
  },
  {
    "id": "6a4abb02-6ad2-4904-b260-1c3d7d398f72",
    "data": [
      {
        "text": "can",
        "meta": "@sys.ignore",
        "userDefined": true
      },
      {
        "text": " you ",
        "userDefined": false
      },
      {
        "text": "download",
        "meta": "@sys.ignore",
        "userDefined": true
      },
      {
        "text": " songs",
        "userDefined": false
      }
    ],
    "isTemplate": false,
    "count": 0,
    "updated": 0
  },
  {
    "id": "ea43d719-295f-40f2-a4ca-6f333ec413df",
    "data": [
      {
        "text": "download a song ",
        "userDefined": false
      },
      {
        "text": "On My Knees",
        "alias": "song",
        "meta": "@song",
        "userDefined": false
      }
    ],
    "isTemplate": false,
    "count": 0,
    "updated": 0
  },
  {
    "id": "939878f6-3cb4-4868-9695-fac8ad38493c",
    "data": [
      {
        "text": "download the song ",
        "userDefined": false
      },
      {
        "text": "Green Grass and High Times",
        "alias": "song",
        "meta": "@song",
        "userDefined": false
      }
    ],
    "isTemplate": false,
    "count": 0,
    "updated": 0
  },
  {
    "id": "37e3b58e-94e4-4922-a4bc-b54a41a8bc42",
    "data": [
      {
        "text": "download for me a song",
        "userDefined": false
      }
    ],
    "isTemplate": false,
    "count": 0,
    "updated": 0
  },
  {
    "id": "4763ee15-720b-421a-9662-63442cb7b4d4",
    "data": [
      {
        "text": "download a ",
        "userDefined": false
      },
      {
        "text": "pop",
        "alias": "genre",
        "meta": "@sys.music-genre",
        "userDefined": false
      },
      {
        "text": " song",
        "userDefined": false
      }
    ],
    "isTemplate": false,
    "count": 0,
    "updated": 0
  },
  {
    "id": "e7462628-e71c-4863-bf07-9779d0711c84",
    "data": [
      {
        "text": "download the song ",
        "userDefined": false
      },
      {
        "text": "Sweater Weather",
        "alias": "song",
        "meta": "@song",
        "userDefined": false
      }
    ],
    "isTemplate": false,
    "count": 0,
    "updated": 0
  },
  {
    "id": "00135ec5-c4fd-4a4f-af8e-c5f3cfaea7f5",
    "data": [
      {
        "text": "download ",
        "userDefined": false
      },
      {
        "text": "Louis Armstrong",
        "alias": "artist",
        "meta": "@sys.music-artist",
        "userDefined": false
      }
    ],
    "isTemplate": false,
    "count": 0,
    "updated": 0
  },
  {
    "id": "9eb1e55d-43ec-487d-8d8a-fc1ff46ed61f",
    "data": [
      {
        "text": "how can I download ",
        "userDefined": false
      },
      {
        "text": "One Direction",
        "alias": "artist",
        "meta": "@sys.music-artist",
        "userDefined": true
      },
      {
        "text": " ",
        "userDefined": false
      },
      {
        "text": "Rock me",
        "alias": "song",
        "meta": "@song",
        "userDefined": true
      },
      {
        "text": " song",
        "userDefined": false
      }
    ],
    "isTemplate": false,
    "count": 0,
    "updated": 0
  },
  {
    "id": "38572766-391b-4f0b-915b-1a1170511f75",
    "data": [
      {
        "text": "download a song by ",
        "userDefined": false
      },
      {
        "text": "Aventura",
        "alias": "artist",
        "meta": "@sys.music-artist",
        "userDefined": false
      }
    ],
    "isTemplate": false,
    "count": 0,
    "updated": 0
  },
  {
    "id": "2d88f1d5-f25f-451c-8c36-240aced9db78",
    "data": [
      {
        "text": "download the song from my ",
        "userDefined": false
      },
      {
        "text": "music",
        "meta": "@sys.ignore",
        "userDefined": false
      },
      {
        "text": " downloader",
        "userDefined": false
      }
    ],
    "isTemplate": false,
    "count": 0,
    "updated": 0
  },
  {
    "id": "3d769889-2b4f-4a16-9e5b-b2a2e59ddca0",
    "data": [
      {
        "text": "download some ",
        "userDefined": false
      },
      {
        "text": "music",
        "meta": "@sys.ignore",
        "userDefined": false
      },
      {
        "text": " ",
        "userDefined": false
      },
      {
        "text": "on",
        "meta": "@sys.ignore",
        "userDefined": false
      },
      {
        "text": " ",
        "userDefined": false
      },
      {
        "text": "iPod",
        "meta": "@sys.ignore",
        "userDefined": false
      },
      {
        "text": ".",
        "userDefined": false
      }
    ],
    "isTemplate": false,
    "count": 0,
    "updated": 0
  },
  {
    "id": "8a397630-18f0-424e-9896-95ddee553985",
    "data": [
      {
        "text": "download ",
        "userDefined": false
      },
      {
        "text": "Barbie",
        "alias": "song",
        "meta": "@song",
        "userDefined": true
      },
      {
        "text": " song",
        "userDefined": false
      }
    ],
    "isTemplate": false,
    "count": 8,
    "updated": 0
  },
  {
    "id": "3aff2fe1-649b-4b2f-9795-2062d279f8d8",
    "data": [
      {
        "text": "download the song ",
        "userDefined": false
      },
      {
        "text": "Turn Down for a While",
        "alias": "song",
        "meta": "@song",
        "userDefined": false
      }
    ],
    "isTemplate": false,
    "count": 0,
    "updated": 0
  },
  {
    "id": "140ebe62-81ae-4746-84bb-0a4599120bd1",
    "data": [
      {
        "text": "download ",
        "userDefined": false
      },
      {
        "text": "music",
        "meta": "@sys.ignore",
        "userDefined": true
      },
      {
        "text": " for me",
        "userDefined": false
      }
    ],
    "isTemplate": false,
    "count": 0,
    "updated": 0
  },
  {
    "id": "cfaa52d2-70c4-484b-b219-52296db3fdb5",
    "data": [
      {
        "text": "download ",
        "userDefined": false
      },
      {
        "text": "Michael Jackson",
        "alias": "artist",
        "meta": "@sys.music-artist",
        "userDefined": true
      },
      {
        "text": "\u0027s songs from ",
        "userDefined": false
      },
      {
        "text": "1988",
        "alias": "start-year",
        "meta": "@sys.number",
        "userDefined": true
      },
      {
        "text": " till ",
        "userDefined": false
      },
      {
        "text": "1989",
        "alias": "end-year",
        "meta": "@sys.number",
        "userDefined": true
      }
    ],
    "isTemplate": false,
    "count": 0,
    "updated": 0
  },
  {
    "id": "631aa6c5-1871-4af3-868c-cd517221d28f",
    "data": [
      {
        "text": "download ",
        "userDefined": false
      },
      {
        "text": "r\u0026b",
        "alias": "genre",
        "meta": "@sys.music-genre",
        "userDefined": true
      },
      {
        "text": " ",
        "userDefined": false
      },
      {
        "text": "music",
        "meta": "@sys.ignore",
        "userDefined": false
      }
    ],
    "isTemplate": false,
    "count": 0,
    "updated": 0
  },
  {
    "id": "0f203637-956a-4227-9d06-b3115a5b2ff2",
    "data": [
      {
        "text": "download song by ",
        "userDefined": false
      },
      {
        "text": "Kanye West",
        "alias": "artist",
        "meta": "@sys.music-artist",
        "userDefined": false
      }
    ],
    "isTemplate": false,
    "count": 0,
    "updated": 0
  },
  {
    "id": "0db94a08-d870-4e3e-b993-061762b1496a",
    "data": [
      {
        "text": "download song ",
        "userDefined": false
      },
      {
        "text": "Sunny Sunny",
        "alias": "song",
        "meta": "@song",
        "userDefined": false
      }
    ],
    "isTemplate": false,
    "count": 0,
    "updated": 0
  },
  {
    "id": "e21311d0-f477-4188-8542-7a7e744116e6",
    "data": [
      {
        "text": "you",
        "meta": "@sys.ignore",
        "userDefined": false
      },
      {
        "text": " should download ",
        "userDefined": false
      },
      {
        "text": "music",
        "meta": "@sys.ignore",
        "userDefined": false
      }
    ],
    "isTemplate": false,
    "count": 0,
    "updated": 0
  },
  {
    "id": "518cbf5a-db83-4552-b36f-da153f9aa8b2",
    "data": [
      {
        "text": "download the ",
        "userDefined": false
      },
      {
        "text": "Mean Kitty",
        "alias": "song",
        "meta": "@song",
        "userDefined": false
      },
      {
        "text": " song",
        "userDefined": false
      }
    ],
    "isTemplate": false,
    "count": 0,
    "updated": 0
  },
  {
    "id": "5e865182-c5c1-4e6e-aad1-8c86f04c2f5c",
    "data": [
      {
        "text": "could you download ",
        "userDefined": false
      },
      {
        "text": "the",
        "meta": "@sys.ignore",
        "userDefined": true
      },
      {
        "text": " song ",
        "userDefined": false
      },
      {
        "text": "Umbrella",
        "alias": "song",
        "meta": "@song",
        "userDefined": true
      },
      {
        "text": " by ",
        "userDefined": false
      },
      {
        "text": "Rihanna",
        "alias": "artist",
        "meta": "@sys.music-artist",
        "userDefined": true
      }
    ],
    "isTemplate": false,
    "count": 5,
    "updated": 0
  },
  {
    "id": "b5463d01-981e-45cc-83ec-418b22385901",
    "data": [
      {
        "text": "I want to download songs",
        "userDefined": false
      }
    ],
    "isTemplate": false,
    "count": 0,
    "updated": 0
  },
  {
    "id": "65c950a2-958d-4d4d-8b60-9c9bd908cd44",
    "data": [
      {
        "text": "music",
        "meta": "@sys.ignore",
        "userDefined": false
      },
      {
        "text": " download ",
        "userDefined": false
      },
      {
        "text": "Addicted to Love",
        "alias": "song",
        "meta": "@song",
        "userDefined": false
      }
    ],
    "isTemplate": false,
    "count": 0,
    "updated": 0
  },
  {
    "id": "2b1da5f5-b296-4ebd-a626-c52c55538850",
    "data": [
      {
        "text": "download some ",
        "userDefined": false
      },
      {
        "text": "music",
        "meta": "@sys.ignore",
        "userDefined": true
      }
    ],
    "isTemplate": false,
    "count": 8,
    "updated": 0
  },
  {
    "id": "d829c2d5-1aba-410c-a28a-8352de3cf7e2",
    "data": [
      {
        "text": "I need to download ",
        "userDefined": false
      },
      {
        "text": "Spanish",
        "meta": "@sys.ignore",
        "userDefined": true
      },
      {
        "text": " songs by ",
        "userDefined": false
      },
      {
        "text": "Enrique Iglesias",
        "alias": "artist",
        "meta": "@sys.music-artist",
        "userDefined": true
      }
    ],
    "isTemplate": false,
    "count": 0,
    "updated": 0
  },
  {
    "id": "272fd4a1-a698-4381-b6c4-3aec603b9d86",
    "data": [
      {
        "text": "download ",
        "userDefined": false
      },
      {
        "text": "Yesterday",
        "alias": "song",
        "meta": "@song",
        "userDefined": true
      },
      {
        "text": " song by ",
        "userDefined": false
      },
      {
        "text": "The Beatles",
        "alias": "artist",
        "meta": "@sys.music-artist",
        "userDefined": true
      }
    ],
    "isTemplate": false,
    "count": 0,
    "updated": 0
  },
  {
    "id": "2ff2e41a-c492-43f7-97ed-de27d0c7cafe",
    "data": [
      {
        "text": "download the song ",
        "userDefined": false
      },
      {
        "text": "Hero",
        "alias": "song",
        "meta": "@song",
        "userDefined": false
      }
    ],
    "isTemplate": false,
    "count": 0,
    "updated": 0
  },
  {
    "id": "35992b64-b6c8-4fb8-8486-01cce5a9e98f",
    "data": [
      {
        "text": "download some songs",
        "userDefined": false
      }
    ],
    "isTemplate": false,
    "count": 0,
    "updated": 0
  },
  {
    "id": "77913bc0-2dbe-4997-8922-24d597d5656d",
    "data": [
      {
        "text": "download the song ",
        "userDefined": false
      },
      {
        "text": "In Demand",
        "alias": "song",
        "meta": "@song",
        "userDefined": false
      }
    ],
    "isTemplate": false,
    "count": 0,
    "updated": 0
  },
  {
    "id": "3ea3dcae-f0e2-4475-8225-e795e0238c50",
    "data": [
      {
        "text": "download song by ",
        "userDefined": false
      },
      {
        "text": "Hustle Gang",
        "alias": "artist",
        "meta": "@sys.music-artist",
        "userDefined": false
      }
    ],
    "isTemplate": false,
    "count": 0,
    "updated": 0
  },
  {
    "id": "ee57cdd9-83ca-4e83-9dfc-7f34d82803da",
    "data": [
      {
        "text": "download song by ",
        "userDefined": false
      },
      {
        "text": "Nicki Minaj",
        "alias": "artist",
        "meta": "@sys.music-artist",
        "userDefined": false
      }
    ],
    "isTemplate": false,
    "count": 0,
    "updated": 0
  },
  {
    "id": "8f4eef51-b7ff-4240-be15-419fe447b303",
    "data": [
      {
        "text": "download song ",
        "userDefined": false
      },
      {
        "text": "Never",
        "alias": "song",
        "meta": "@song",
        "userDefined": false
      },
      {
        "text": " by ",
        "userDefined": false
      },
      {
        "text": "One Direction",
        "alias": "artist",
        "meta": "@sys.music-artist",
        "userDefined": true
      }
    ],
    "isTemplate": false,
    "count": 0,
    "updated": 0
  },
  {
    "id": "3560548c-5903-4d8d-a3f3-b4f9f7be0448",
    "data": [
      {
        "text": "download song ",
        "userDefined": false
      },
      {
        "text": "No New Friends",
        "alias": "song",
        "meta": "@song",
        "userDefined": false
      }
    ],
    "isTemplate": false,
    "count": 0,
    "updated": 0
  },
  {
    "id": "2b80a911-d9d4-48d1-aba0-5204831bfdc5",
    "data": [
      {
        "text": "download ",
        "userDefined": false
      },
      {
        "text": "Skrillex",
        "alias": "artist",
        "meta": "@sys.music-artist",
        "userDefined": false
      }
    ],
    "isTemplate": false,
    "count": 0,
    "updated": 0
  },
  {
    "id": "cf282281-2baa-4713-ac58-e8abae3d3473",
    "data": [
      {
        "text": "download song ",
        "userDefined": false
      },
      {
        "text": "Jesus Rise",
        "alias": "song",
        "meta": "@song",
        "userDefined": false
      },
      {
        "text": " ",
        "userDefined": false
      },
      {
        "text": "McClain",
        "alias": "artist",
        "meta": "@sys.music-artist",
        "userDefined": false
      }
    ],
    "isTemplate": false,
    "count": 0,
    "updated": 0
  },
  {
    "id": "e009c918-6d64-44ee-83d4-3e64f9d5c15b",
    "data": [
      {
        "text": "download ",
        "userDefined": false
      },
      {
        "text": "Lisa Stansfield",
        "alias": "artist",
        "meta": "@sys.music-artist",
        "userDefined": true
      },
      {
        "text": " ",
        "userDefined": false
      },
      {
        "text": "house",
        "alias": "genre",
        "meta": "@sys.music-genre",
        "userDefined": true
      },
      {
        "text": " ",
        "userDefined": false
      },
      {
        "text": "music",
        "meta": "@sys.ignore",
        "userDefined": true
      }
    ],
    "isTemplate": false,
    "count": 0,
    "updated": 0
  },
  {
    "id": "efac58ed-00c1-488a-8042-d07515318cd3",
    "data": [
      {
        "text": "download this song ",
        "userDefined": false
      },
      {
        "text": "thank you",
        "meta": "@sys.ignore",
        "userDefined": false
      }
    ],
    "isTemplate": false,
    "count": 0,
    "updated": 0
  },
  {
    "id": "b702e047-96c9-4128-b073-889071852041",
    "data": [
      {
        "text": "download ",
        "userDefined": false
      },
      {
        "text": "Love Me",
        "alias": "song",
        "meta": "@song",
        "userDefined": false
      },
      {
        "text": " song",
        "userDefined": false
      }
    ],
    "isTemplate": false,
    "count": 0,
    "updated": 0
  },
  {
    "id": "92da6cd2-ab58-4f91-afde-e7ed25d098c2",
    "data": [
      {
        "text": "download a song from ",
        "userDefined": false
      },
      {
        "text": "YouTube",
        "alias": "service",
        "meta": "@music-service",
        "userDefined": true
      }
    ],
    "isTemplate": false,
    "count": 0,
    "updated": 0
  },
  {
    "id": "298cc9fa-27c3-40f0-977a-d78a16a925ab",
    "data": [
      {
        "text": "download something from ",
        "userDefined": false
      },
      {
        "text": "Maroon 5",
        "alias": "artist",
        "meta": "@sys.music-artist",
        "userDefined": false
      }
    ],
    "isTemplate": false,
    "count": 0,
    "updated": 0
  },
  {
    "id": "d0bd6952-e69d-42a0-8f88-e8bcea078191",
    "data": [
      {
        "text": "download the song ",
        "userDefined": false
      },
      {
        "text": "right now",
        "meta": "@sys.ignore",
        "userDefined": false
      }
    ],
    "isTemplate": false,
    "count": 0,
    "updated": 0
  },
  {
    "id": "f0a526a1-33f0-4064-b65f-beb4e77e90e3",
    "data": [
      {
        "text": "download ",
        "userDefined": false
      },
      {
        "text": "Sugar",
        "alias": "song",
        "meta": "@song",
        "userDefined": false
      },
      {
        "text": " by ",
        "userDefined": false
      },
      {
        "text": "Maroon five",
        "alias": "artist",
        "meta": "@sys.music-artist",
        "userDefined": false
      }
    ],
    "isTemplate": false,
    "count": 0,
    "updated": 0
  },
  {
    "id": "8eb83833-a5c3-43eb-95e3-eb76acb6a1cc",
    "data": [
      {
        "text": "download song",
        "userDefined": false
      }
    ],
    "isTemplate": false,
    "count": 0,
    "updated": 0
  },
  {
    "id": "2ab59c9f-9216-47d4-8f96-360430748cfe",
    "data": [
      {
        "text": "download a ",
        "userDefined": false
      },
      {
        "text": "Beyonce",
        "alias": "artist",
        "meta": "@sys.music-artist",
        "userDefined": false
      },
      {
        "text": " song",
        "userDefined": false
      }
    ],
    "isTemplate": false,
    "count": 0,
    "updated": 0
  },
  {
    "id": "2361e629-6f43-4a3e-a9fc-64867c2606ec",
    "data": [
      {
        "text": "I want to download a song",
        "userDefined": false
      }
    ],
    "isTemplate": false,
    "count": 0,
    "updated": 0
  },
  {
    "id": "f39d3b45-3434-4666-b7d1-79aae142d508",
    "data": [
      {
        "text": "download",
        "meta": "@sys.ignore",
        "userDefined": true
      },
      {
        "text": " what ",
        "userDefined": false
      },
      {
        "text": "Prince",
        "alias": "artist",
        "meta": "@sys.music-artist",
        "userDefined": true
      },
      {
        "text": " wrote between ",
        "userDefined": false
      },
      {
        "text": "1980",
        "alias": "start-year",
        "meta": "@sys.number",
        "userDefined": true
      },
      {
        "text": " and ",
        "userDefined": false
      },
      {
        "text": "1999",
        "alias": "end-year",
        "meta": "@sys.number",
        "userDefined": true
      }
    ],
    "isTemplate": false,
    "count": 0,
    "updated": 0
  },
  {
    "id": "72927763-a92d-47ff-9a1e-a3e347464a88",
    "data": [
      {
        "text": "download ",
        "userDefined": false
      },
      {
        "text": "Kid Rock",
        "alias": "artist",
        "meta": "@sys.music-artist",
        "userDefined": false
      },
      {
        "text": " songs",
        "userDefined": false
      }
    ],
    "isTemplate": false,
    "count": 0,
    "updated": 0
  },
  {
    "id": "651676f4-4b6b-4905-97f4-4e716e6bf9f6",
    "data": [
      {
        "text": "free",
        "meta": "@sys.ignore",
        "userDefined": false
      },
      {
        "text": " ",
        "userDefined": false
      },
      {
        "text": "music",
        "meta": "@sys.ignore",
        "userDefined": false
      },
      {
        "text": " download",
        "userDefined": false
      }
    ],
    "isTemplate": false,
    "count": 0,
    "updated": 0
  },
  {
    "id": "e8c70dac-fed7-4674-8cb6-0cddf0f812bd",
    "data": [
      {
        "text": "download a song by ",
        "userDefined": false
      },
      {
        "text": "Madonna",
        "alias": "artist",
        "meta": "@sys.music-artist",
        "userDefined": false
      },
      {
        "text": " for me",
        "userDefined": false
      }
    ],
    "isTemplate": false,
    "count": 0,
    "updated": 0
  },
  {
    "id": "d7c40cb6-1256-4754-b9c6-b53556afe71f",
    "data": [
      {
        "text": "download ",
        "userDefined": false
      },
      {
        "text": "Rihanna",
        "alias": "artist",
        "meta": "@sys.music-artist",
        "userDefined": false
      },
      {
        "text": " ft ",
        "userDefined": false
      },
      {
        "text": "Drake",
        "alias": "artist",
        "meta": "@sys.music-artist",
        "userDefined": true
      },
      {
        "text": "  ",
        "userDefined": false
      },
      {
        "text": "Work",
        "alias": "song",
        "meta": "@song",
        "userDefined": true
      }
    ],
    "isTemplate": false,
    "count": 0,
    "updated": 0
  },
  {
    "id": "17cad0f7-6cfe-4723-814f-a67cf76ce7a9",
    "data": [
      {
        "text": "can",
        "meta": "@sys.ignore",
        "userDefined": false
      },
      {
        "text": " ",
        "userDefined": false
      },
      {
        "text": "you",
        "meta": "@sys.ignore",
        "userDefined": false
      },
      {
        "text": " download the song ",
        "userDefined": false
      },
      {
        "text": "Still into You",
        "alias": "song",
        "meta": "@song",
        "userDefined": false
      }
    ],
    "isTemplate": false,
    "count": 0,
    "updated": 0
  },
  {
    "id": "e382a0c3-78c9-4bfb-a60b-cb6f9e38dffb",
    "data": [
      {
        "text": "could you download the ",
        "userDefined": false
      },
      {
        "text": "best",
        "alias": "sort",
        "meta": "@music-sort",
        "userDefined": true
      },
      {
        "text": " songs of the year ",
        "userDefined": false
      },
      {
        "text": "2015",
        "alias": "start-year",
        "meta": "@sys.number",
        "userDefined": true
      }
    ],
    "isTemplate": false,
    "count": 0,
    "updated": 0
  },
  {
    "id": "f51e35d9-1382-4100-a7b8-8e9bd7763364",
    "data": [
      {
        "text": "download ",
        "userDefined": false
      },
      {
        "text": "Hurricane",
        "alias": "song",
        "meta": "@song",
        "userDefined": false
      },
      {
        "text": " by ",
        "userDefined": false
      },
      {
        "text": "Bob Dylan",
        "alias": "artist",
        "meta": "@sys.music-artist",
        "userDefined": false
      }
    ],
    "isTemplate": false,
    "count": 0,
    "updated": 0
  },
  {
    "id": "1901a577-ec75-428b-bd16-a953682505f9",
    "data": [
      {
        "text": "download a song for me",
        "userDefined": false
      }
    ],
    "isTemplate": false,
    "count": 0,
    "updated": 0
  },
  {
    "id": "17912784-c263-42ae-927e-ce66b60f4ddc",
    "data": [
      {
        "text": "download the song ",
        "userDefined": false
      },
      {
        "text": "Bread",
        "alias": "song",
        "meta": "@song",
        "userDefined": false
      }
    ],
    "isTemplate": false,
    "count": 0,
    "updated": 0
  },
  {
    "id": "a52b2c83-966f-4e09-85af-45ffa78ce7b9",
    "data": [
      {
        "text": "download some ",
        "userDefined": false
      },
      {
        "text": "music",
        "meta": "@sys.ignore",
        "userDefined": false
      },
      {
        "text": " from my SD ",
        "userDefined": false
      },
      {
        "text": "card",
        "meta": "@sys.ignore",
        "userDefined": false
      }
    ],
    "isTemplate": false,
    "count": 0,
    "updated": 0
  },
  {
    "id": "5b9d26e8-354b-466a-b043-956319b54b62",
    "data": [
      {
        "text": "download the song ",
        "userDefined": false
      },
      {
        "text": "Radioactive",
        "alias": "song",
        "meta": "@song",
        "userDefined": false
      }
    ],
    "isTemplate": false,
    "count": 0,
    "updated": 0
  },
  {
    "id": "80e87a2b-0236-4621-8ead-9f172300a95f",
    "data": [
      {
        "text": "download ",
        "userDefined": false
      },
      {
        "text": "Madonna",
        "alias": "artist",
        "meta": "@sys.music-artist",
        "userDefined": true
      },
      {
        "text": "\u0027s album of ",
        "userDefined": false
      },
      {
        "text": "2016",
        "alias": "start-year",
        "meta": "@sys.number",
        "userDefined": true
      }
    ],
    "isTemplate": false,
    "count": 0,
    "updated": 0
  },
  {
    "id": "f8ca9c89-754f-4237-82ee-74e32e2ae5f2",
    "data": [
      {
        "text": "download a song ",
        "userDefined": false
      },
      {
        "text": "Never Dreamed You\u0027d Leave in Summer",
        "alias": "song",
        "meta": "@song",
        "userDefined": false
      }
    ],
    "isTemplate": false,
    "count": 0,
    "updated": 0
  }
]