[
  {
    "id": "92465e7c-4326-4ba0-9327-2a20e0d0e497",
    "data": [
      {
        "text": "Jarvis play some music",
        "userDefined": false
      }
    ],
    "isTemplate": false,
    "count": 0,
    "updated": 1543685238
  },
  {
    "id": "e5235934-e79e-4d5a-9ae2-07c00f750cf7",
    "data": [
      {
        "text": "I want to hear some music",
        "userDefined": false
      }
    ],
    "isTemplate": false,
    "count": 0,
    "updated": 1543685238
  },
  {
    "id": "347e3a02-ed70-493b-bec2-48a1f75059f9",
    "data": [
      {
        "text": "Play some music",
        "userDefined": false
      }
    ],
    "isTemplate": false,
    "count": 0,
    "updated": 1543685238
  },
  {
    "id": "4527a70a-1d4d-49e8-b8c2-0a2b3aa83c56",
    "data": [
      {
        "text": "Jarvis",
        "alias": "jarvis",
        "meta": "@jarvis",
        "userDefined": false
      },
      {
        "text": " I want to hear music",
        "userDefined": false
      }
    ],
    "isTemplate": false,
    "count": 0,
    "updated": 1543685238
  },
  {
    "id": "01066d55-a067-486b-be11-92dc1328dd87",
    "data": [
      {
        "text": "I want to hear music",
        "userDefined": false
      }
    ],
    "isTemplate": false,
    "count": 0,
    "updated": 1543685238
  },
  {
    "id": "08fe7402-cbd5-4378-a5a3-51ad07f6a662",
    "data": [
      {
        "text": "Jarvis",
        "alias": "jarvis",
        "meta": "@jarvis",
        "userDefined": false
      },
      {
        "text": " it\u0027s music time",
        "userDefined": false
      }
    ],
    "isTemplate": false,
    "count": 0,
    "updated": 1543685238
  },
  {
    "id": "6004c3cb-fbc8-459b-b207-09a91b40106a",
    "data": [
      {
        "text": "It\u0027s music time ",
        "userDefined": false
      },
      {
        "text": "Jarvis",
        "alias": "jarvis",
        "meta": "@jarvis",
        "userDefined": false
      }
    ],
    "isTemplate": false,
    "count": 0,
    "updated": 1543685238
  },
  {
    "id": "89230743-201d-445a-8717-324ffc1712a7",
    "data": [
      {
        "text": "It\u0027s music time",
        "userDefined": false
      }
    ],
    "isTemplate": false,
    "count": 1,
    "updated": 1543685238
  }
]