[
  {
    "id": "0d1e751b-3a36-41aa-8dba-9a6216b397e0",
    "data": [
      {
        "text": "now the album ",
        "userDefined": false
      },
      {
        "text": "19",
        "alias": "album",
        "meta": "@music-album",
        "userDefined": true
      },
      {
        "text": " ",
        "userDefined": false
      },
      {
        "text": "of",
        "meta": "@sys.ignore",
        "userDefined": true
      },
      {
        "text": " ",
        "userDefined": false
      },
      {
        "text": "Adele",
        "alias": "artist",
        "meta": "@sys.music-artist",
        "userDefined": true
      }
    ],
    "isTemplate": false,
    "count": 0,
    "updated": 0
  },
  {
    "id": "f166b877-b674-4b6d-8815-4213f6e63ced",
    "data": [
      {
        "text": "I mean ",
        "userDefined": false
      },
      {
        "text": "Red Hot Chili Peppers",
        "alias": "artist",
        "meta": "@sys.music-artist",
        "userDefined": true
      }
    ],
    "isTemplate": false,
    "count": 0,
    "updated": 0
  },
  {
    "id": "b6e4ec26-0c4b-458a-8293-be99787274b5",
    "data": [
      {
        "text": "now ",
        "userDefined": false
      },
      {
        "text": "rock",
        "alias": "genre",
        "meta": "@sys.music-genre",
        "userDefined": true
      }
    ],
    "isTemplate": false,
    "count": 0,
    "updated": 0
  },
  {
    "id": "a0145997-8e9e-4c7a-953d-13b7cdcf70ca",
    "data": [
      {
        "text": "now play ",
        "userDefined": false
      },
      {
        "text": "The Beatles",
        "alias": "artist",
        "meta": "@sys.music-artist",
        "userDefined": true
      }
    ],
    "isTemplate": false,
    "count": 0,
    "updated": 0
  },
  {
    "id": "ec032fd0-4381-4e6e-b01a-f524a54512fe",
    "data": [
      {
        "text": "now from ",
        "userDefined": false
      },
      {
        "text": "year",
        "meta": "@sys.ignore",
        "userDefined": true
      },
      {
        "text": " ",
        "userDefined": false
      },
      {
        "text": "2015",
        "alias": "year",
        "meta": "@sys.number",
        "userDefined": true
      }
    ],
    "isTemplate": false,
    "count": 0,
    "updated": 0
  },
  {
    "id": "bc758c4b-bcf2-4c85-bbf2-b316aa7c6bd6",
    "data": [
      {
        "text": "now ",
        "userDefined": false
      },
      {
        "text": "year",
        "meta": "@sys.ignore",
        "userDefined": true
      },
      {
        "text": " ",
        "userDefined": false
      },
      {
        "text": "2015",
        "alias": "year",
        "meta": "@sys.number",
        "userDefined": true
      }
    ],
    "isTemplate": false,
    "count": 0,
    "updated": 0
  },
  {
    "id": "740a4924-ff6e-4aaf-a386-26a84b9fa9f2",
    "data": [
      {
        "text": "now from the album ",
        "userDefined": false
      },
      {
        "text": "Summer",
        "alias": "album",
        "meta": "@music-album",
        "userDefined": true
      }
    ],
    "isTemplate": false,
    "count": 0,
    "updated": 0
  },
  {
    "id": "99458ae8-897e-4c3d-b3e8-87f29a728ccc",
    "data": [
      {
        "text": "now the ",
        "userDefined": false
      },
      {
        "text": "summer",
        "alias": "playlist",
        "meta": "@playlist",
        "userDefined": true
      },
      {
        "text": " playlist",
        "userDefined": false
      }
    ],
    "isTemplate": false,
    "count": 0,
    "updated": 0
  },
  {
    "id": "21b7aee4-7bec-4b9d-acbf-326417a17f87",
    "data": [
      {
        "text": "now from ",
        "userDefined": false
      },
      {
        "text": "summer",
        "alias": "playlist",
        "meta": "@playlist",
        "userDefined": true
      },
      {
        "text": " playlist",
        "userDefined": false
      }
    ],
    "isTemplate": false,
    "count": 1,
    "updated": 0
  },
  {
    "id": "aabf72de-ed5a-4539-bf3b-aaf55d446c19",
    "data": [
      {
        "text": "now ",
        "userDefined": false
      },
      {
        "text": "Diamonds",
        "alias": "song",
        "meta": "@song",
        "userDefined": true
      },
      {
        "text": " song",
        "userDefined": false
      }
    ],
    "isTemplate": false,
    "count": 0,
    "updated": 0
  },
  {
    "id": "deea6db8-5b56-4b57-9678-916450955bee",
    "data": [
      {
        "text": "now play ",
        "userDefined": false
      },
      {
        "text": "it",
        "meta": "@sys.ignore",
        "userDefined": false
      },
      {
        "text": " ",
        "userDefined": false
      },
      {
        "text": "on",
        "meta": "@sys.ignore",
        "userDefined": false
      },
      {
        "text": "  ",
        "userDefined": false
      },
      {
        "text": "YouTube",
        "alias": "service",
        "meta": "@music-service",
        "userDefined": true
      }
    ],
    "isTemplate": false,
    "count": 0,
    "updated": 0
  },
  {
    "id": "ebaebf76-cdad-4b80-801f-0b3a551c3488",
    "data": [
      {
        "text": "now ",
        "userDefined": false
      },
      {
        "text": "Monster",
        "alias": "song",
        "meta": "@song",
        "userDefined": true
      },
      {
        "text": " by ",
        "userDefined": false
      },
      {
        "text": "Rihanna",
        "alias": "artist",
        "meta": "@sys.music-artist",
        "userDefined": true
      },
      {
        "text": " feat ",
        "userDefined": false
      },
      {
        "text": "Eminem",
        "alias": "artist",
        "meta": "@sys.music-artist",
        "userDefined": true
      }
    ],
    "isTemplate": false,
    "count": 0,
    "updated": 0
  },
  {
    "id": "2fab70af-e0a3-40fe-a19a-6ef2091dee62",
    "data": [
      {
        "text": "now ",
        "userDefined": false
      },
      {
        "text": "Diamonds",
        "alias": "song",
        "meta": "@song",
        "userDefined": true
      }
    ],
    "isTemplate": false,
    "count": 0,
    "updated": 0
  },
  {
    "id": "6a78a7cc-4dfd-46d4-8303-200b3fad106c",
    "data": [
      {
        "text": "now album ",
        "userDefined": false
      },
      {
        "text": "Please Please Me",
        "alias": "album",
        "meta": "@music-album",
        "userDefined": true
      },
      {
        "text": " of ",
        "userDefined": false
      },
      {
        "text": "The Beatles",
        "alias": "artist",
        "meta": "@sys.music-artist",
        "userDefined": true
      }
    ],
    "isTemplate": false,
    "count": 0,
    "updated": 0
  },
  {
    "id": "83457b28-1efa-4d8b-995a-2a38c47c7f4e",
    "data": [
      {
        "text": "now ",
        "userDefined": false
      },
      {
        "text": "Diamonds",
        "alias": "song",
        "meta": "@song",
        "userDefined": true
      },
      {
        "text": " by ",
        "userDefined": false
      },
      {
        "text": "Rihanna",
        "alias": "artist",
        "meta": "@sys.music-artist",
        "userDefined": true
      }
    ],
    "isTemplate": false,
    "count": 0,
    "updated": 0
  },
  {
    "id": "512d13e5-1607-479f-ae14-f877b056292f",
    "data": [
      {
        "text": "now ",
        "userDefined": false
      },
      {
        "text": "jazz",
        "alias": "genre",
        "meta": "@sys.music-genre",
        "userDefined": true
      },
      {
        "text": " ",
        "userDefined": false
      },
      {
        "text": "music",
        "meta": "@sys.ignore",
        "userDefined": false
      }
    ],
    "isTemplate": false,
    "count": 0,
    "updated": 0
  },
  {
    "id": "415bb985-9181-4b64-90fa-81bb60e6778c",
    "data": [
      {
        "text": "now ",
        "userDefined": false
      },
      {
        "text": "The Beatles",
        "alias": "artist",
        "meta": "@sys.music-artist",
        "userDefined": true
      }
    ],
    "isTemplate": false,
    "count": 0,
    "updated": 0
  },
  {
    "id": "cbd17bdc-b5fa-44ef-9dd4-552013179d23",
    "data": [
      {
        "text": "now ",
        "userDefined": false
      },
      {
        "text": "jazz",
        "alias": "genre",
        "meta": "@sys.music-genre",
        "userDefined": true
      },
      {
        "text": " songs",
        "userDefined": false
      }
    ],
    "isTemplate": false,
    "count": 0,
    "updated": 0
  },
  {
    "id": "b69f0c46-ba2f-4a31-9dbc-5f05b73c0253",
    "data": [
      {
        "text": "now ",
        "userDefined": false
      },
      {
        "text": "on",
        "meta": "@sys.ignore",
        "userDefined": false
      },
      {
        "text": " ",
        "userDefined": false
      },
      {
        "text": "Spotify",
        "alias": "service",
        "meta": "@music-service",
        "userDefined": true
      }
    ],
    "isTemplate": false,
    "count": 0,
    "updated": 0
  }
]