[
  {
    "id": "fce2935f-49fa-4cd3-8eae-15e610d58157",
    "data": [
      {
        "text": "put it on pause",
        "userDefined": false
      }
    ],
    "isTemplate": false,
    "count": 0,
    "updated": 0
  },
  {
    "id": "dd28a9d8-b3e0-43ed-97e9-d93b1dd182d4",
    "data": [
      {
        "text": "pause",
        "userDefined": false
      }
    ],
    "isTemplate": false,
    "count": 0,
    "updated": 0
  },
  {
    "id": "ef55a442-0782-4a02-9cc9-2019de57cd5e",
    "data": [
      {
        "text": "please pause",
        "userDefined": false
      }
    ],
    "isTemplate": false,
    "count": 0,
    "updated": 0
  },
  {
    "id": "5696bf06-adfd-4201-85f8-284db46f4631",
    "data": [
      {
        "text": "pause ",
        "userDefined": false
      },
      {
        "text": "it",
        "meta": "@sys.ignore",
        "userDefined": false
      }
    ],
    "isTemplate": false,
    "count": 0,
    "updated": 0
  },
  {
    "id": "20ad00b3-ea03-4abd-bf04-6da36703148a",
    "data": [
      {
        "text": "pause playing",
        "userDefined": false
      }
    ],
    "isTemplate": false,
    "count": 0,
    "updated": 0
  },
  {
    "id": "303cac2f-7203-48a5-9250-58b3dfc140d8",
    "data": [
      {
        "text": "can you pause ",
        "userDefined": false
      },
      {
        "text": "it",
        "meta": "@sys.ignore",
        "userDefined": false
      }
    ],
    "isTemplate": false,
    "count": 0,
    "updated": 0
  },
  {
    "id": "d11648f5-3061-4825-8ae0-76c79375e576",
    "data": [
      {
        "text": "pause this song",
        "userDefined": false
      }
    ],
    "isTemplate": false,
    "count": 0,
    "updated": 0
  },
  {
    "id": "1297219d-789a-4a95-ba9e-175bfb83b791",
    "data": [
      {
        "text": "pause song",
        "userDefined": false
      }
    ],
    "isTemplate": false,
    "count": 0,
    "updated": 0
  }
]