[
  {
    "id": "4b58c401-8210-4051-9dda-9fa4d83db0e3",
    "data": [
      {
        "text": "go back to previous",
        "userDefined": false
      }
    ],
    "isTemplate": false,
    "count": 0,
    "updated": 0
  },
  {
    "id": "b7474633-7125-4fd5-bb65-4c1d5a2df643",
    "data": [
      {
        "text": "go back",
        "userDefined": false
      }
    ],
    "isTemplate": false,
    "count": 0,
    "updated": 0
  },
  {
    "id": "5f06396e-7073-4226-94dd-19236b613f41",
    "data": [
      {
        "text": "go back to previous song",
        "userDefined": false
      }
    ],
    "isTemplate": false,
    "count": 0,
    "updated": 0
  },
  {
    "id": "bfe71180-8aeb-4568-ace1-2e19dda6796b",
    "data": [
      {
        "text": "previous song",
        "userDefined": false
      }
    ],
    "isTemplate": false,
    "count": 1,
    "updated": 0
  },
  {
    "id": "ec751b2f-299a-490c-b92f-b0574555bf35",
    "data": [
      {
        "text": "previous station",
        "userDefined": false
      }
    ],
    "isTemplate": false,
    "count": 0,
    "updated": 0
  },
  {
    "id": "bdd72dfb-dca4-4e21-8397-88349fb34835",
    "data": [
      {
        "text": "go to previous",
        "userDefined": false
      }
    ],
    "isTemplate": false,
    "count": 0,
    "updated": 0
  },
  {
    "id": "e6546b48-726c-4196-b28d-597cba1cbc9e",
    "data": [
      {
        "text": "back",
        "meta": "@sys.ignore",
        "userDefined": true
      },
      {
        "text": " ",
        "userDefined": false
      },
      {
        "text": "up",
        "meta": "@sys.ignore",
        "userDefined": true
      },
      {
        "text": " a ",
        "userDefined": false
      },
      {
        "text": "track",
        "meta": "@sys.ignore",
        "userDefined": true
      }
    ],
    "isTemplate": false,
    "count": 0,
    "updated": 0
  },
  {
    "id": "f29cd00f-89d3-473b-b4e6-a1c16f694728",
    "data": [
      {
        "text": "skip ",
        "userDefined": false
      },
      {
        "text": "to",
        "meta": "@sys.ignore",
        "userDefined": true
      },
      {
        "text": " previous",
        "userDefined": false
      }
    ],
    "isTemplate": false,
    "count": 0,
    "updated": 0
  },
  {
    "id": "429599c0-41af-4e62-85f6-52f25dc466dc",
    "data": [
      {
        "text": "go back to previous station",
        "userDefined": false
      }
    ],
    "isTemplate": false,
    "count": 0,
    "updated": 0
  },
  {
    "id": "163205ab-4ca2-4354-9563-71dfbcef5591",
    "data": [
      {
        "text": "previous",
        "userDefined": false
      }
    ],
    "isTemplate": false,
    "count": 0,
    "updated": 0
  },
  {
    "id": "cb83fde1-d75b-451d-9207-11f6462e8968",
    "data": [
      {
        "text": "skip to the previous song",
        "userDefined": false
      }
    ],
    "isTemplate": false,
    "count": 0,
    "updated": 0
  },
  {
    "id": "68dcf63b-f178-4095-9e1c-f959b97dca15",
    "data": [
      {
        "text": "skip backward",
        "userDefined": false
      }
    ],
    "isTemplate": false,
    "count": 0,
    "updated": 0
  },
  {
    "id": "1e554bc1-0c4f-4926-851c-f8dbc6850cdd",
    "data": [
      {
        "text": "back",
        "userDefined": false
      }
    ],
    "isTemplate": false,
    "count": 0,
    "updated": 0
  },
  {
    "id": "692764c9-8a08-47b1-9629-b1889efd873b",
    "data": [
      {
        "text": "skip back",
        "userDefined": false
      }
    ],
    "isTemplate": false,
    "count": 0,
    "updated": 0
  },
  {
    "id": "cbe078ed-8c0d-4190-b75f-954a95b5400b",
    "data": [
      {
        "text": "skip to the back",
        "userDefined": false
      }
    ],
    "isTemplate": false,
    "count": 0,
    "updated": 0
  }
]