[
  {
    "id": "805be5c5-6c81-4fa5-9e3b-94e3af0cfb6b",
    "data": [
      {
        "text": "continue",
        "userDefined": false
      }
    ],
    "isTemplate": false,
    "count": 0,
    "updated": 0
  },
  {
    "id": "3b895f78-5e09-4818-9565-d3f54608e8d2",
    "data": [
      {
        "text": "start",
        "meta": "@sys.ignore",
        "userDefined": true
      },
      {
        "text": " ",
        "userDefined": false
      },
      {
        "text": "music",
        "meta": "@sys.ignore",
        "userDefined": true
      },
      {
        "text": " again",
        "userDefined": false
      }
    ],
    "isTemplate": false,
    "count": 0,
    "updated": 0
  },
  {
    "id": "2f29bf8a-a226-42ee-aea9-e6eb2f86acb6",
    "data": [
      {
        "text": "continue playing",
        "userDefined": false
      }
    ],
    "isTemplate": false,
    "count": 0,
    "updated": 0
  },
  {
    "id": "57743455-aa4c-46f4-86a9-efa521144e77",
    "data": [
      {
        "text": "resume",
        "userDefined": false
      }
    ],
    "isTemplate": false,
    "count": 0,
    "updated": 0
  },
  {
    "id": "c182c848-00ed-4031-9d9d-63018b9374ec",
    "data": [
      {
        "text": "resume ",
        "userDefined": false
      },
      {
        "text": "it",
        "meta": "@sys.ignore",
        "userDefined": false
      }
    ],
    "isTemplate": false,
    "count": 0,
    "updated": 0
  },
  {
    "id": "bd3d6778-091d-40e1-b739-7c778021f04a",
    "data": [
      {
        "text": "resume this song",
        "userDefined": false
      }
    ],
    "isTemplate": false,
    "count": 0,
    "updated": 0
  },
  {
    "id": "571b351f-4106-456e-ac74-7a1672da71a0",
    "data": [
      {
        "text": "restart ",
        "userDefined": false
      },
      {
        "text": "music",
        "meta": "@sys.ignore",
        "userDefined": true
      }
    ],
    "isTemplate": false,
    "count": 0,
    "updated": 0
  },
  {
    "id": "d56ebc95-b9c1-4bd9-8cc6-72c58cdbad60",
    "data": [
      {
        "text": "continue the ",
        "userDefined": false
      },
      {
        "text": "music",
        "meta": "@sys.ignore",
        "userDefined": false
      }
    ],
    "isTemplate": false,
    "count": 0,
    "updated": 0
  },
  {
    "id": "f0db6cf9-82b0-47d2-91bd-ecf2896e91f9",
    "data": [
      {
        "text": "resume playing",
        "userDefined": false
      }
    ],
    "isTemplate": false,
    "count": 0,
    "updated": 0
  },
  {
    "id": "2cad6623-c44d-488c-8d2c-e8ffbf7721a5",
    "data": [
      {
        "text": "resume ",
        "userDefined": false
      },
      {
        "text": "music",
        "meta": "@sys.ignore",
        "userDefined": false
      }
    ],
    "isTemplate": false,
    "count": 0,
    "updated": 0
  }
]