[
  {
    "id": "5e652f7c-e379-4a66-826c-eee3ded89f52",
    "data": [
      {
        "text": "move it to the ",
        "userDefined": false
      },
      {
        "text": "Gym",
        "alias": "playlist",
        "meta": "@sys.any",
        "userDefined": true
      },
      {
        "text": " playlist",
        "userDefined": false
      }
    ],
    "isTemplate": false,
    "count": 0,
    "updated": 0
  },
  {
    "id": "c5769b9e-71b8-4779-931b-a97b758afe56",
    "data": [
      {
        "text": "put it on my ",
        "userDefined": false
      },
      {
        "text": "Late Night",
        "alias": "playlist",
        "meta": "@sys.any",
        "userDefined": true
      },
      {
        "text": " playlist",
        "userDefined": false
      }
    ],
    "isTemplate": false,
    "count": 0,
    "updated": 0
  },
  {
    "id": "bc9510d7-de8b-463c-846a-9e3f6461a927",
    "data": [
      {
        "text": "save ",
        "userDefined": false
      },
      {
        "text": "this",
        "meta": "@sys.ignore",
        "userDefined": false
      },
      {
        "text": " track in my playlist",
        "userDefined": false
      }
    ],
    "isTemplate": false,
    "count": 0,
    "updated": 0
  },
  {
    "id": "8d160d03-106c-4db8-9760-c4214a9d05b1",
    "data": [
      {
        "text": "add it to the playlist ",
        "userDefined": false
      },
      {
        "text": "Yoga",
        "alias": "playlist",
        "meta": "@sys.any",
        "userDefined": false
      }
    ],
    "isTemplate": false,
    "count": 0,
    "updated": 0
  },
  {
    "id": "c2e8b1e7-0e51-4d8a-a56f-34996763a1ef",
    "data": [
      {
        "text": "put it into the playlist ",
        "userDefined": false
      },
      {
        "text": "Running",
        "alias": "playlist",
        "meta": "@sys.any",
        "userDefined": true
      }
    ],
    "isTemplate": false,
    "count": 0,
    "updated": 0
  },
  {
    "id": "78f49992-634f-43d9-b06d-e498dd156bc9",
    "data": [
      {
        "text": "save ",
        "userDefined": false
      },
      {
        "text": "this",
        "meta": "@sys.ignore",
        "userDefined": true
      },
      {
        "text": " song to my ",
        "userDefined": false
      },
      {
        "text": "Workout",
        "alias": "playlist",
        "meta": "@sys.any",
        "userDefined": true
      },
      {
        "text": " playlist",
        "userDefined": false
      }
    ],
    "isTemplate": false,
    "count": 0,
    "updated": 0
  },
  {
    "id": "4bdeb7ff-f49e-40c4-ac28-48d0954a2e0e",
    "data": [
      {
        "text": "add ",
        "userDefined": false
      },
      {
        "text": "this",
        "meta": "@sys.ignore",
        "userDefined": true
      },
      {
        "text": " song to my playlist",
        "userDefined": false
      }
    ],
    "isTemplate": false,
    "count": 0,
    "updated": 0
  }
]