[
  {
    "id": "35e74e4a-1a0f-4d60-8c3d-8f51e3984631",
    "data": [
      {
        "text": "shuffle mode on",
        "userDefined": false
      }
    ],
    "isTemplate": false,
    "count": 0,
    "updated": 0
  },
  {
    "id": "fd2a3f60-4403-4edd-af8d-b7e488e90903",
    "data": [
      {
        "text": "shuffle them",
        "userDefined": false
      }
    ],
    "isTemplate": false,
    "count": 0,
    "updated": 0
  },
  {
    "id": "a02c22bd-71aa-43a4-8d60-be2d2c82640d",
    "data": [
      {
        "text": "shuffle this playlist",
        "userDefined": false
      }
    ],
    "isTemplate": false,
    "count": 0,
    "updated": 0
  },
  {
    "id": "a63d4ce4-e6b2-426c-be3e-89193080dbd8",
    "data": [
      {
        "text": "shuffle",
        "userDefined": false
      }
    ],
    "isTemplate": false,
    "count": 0,
    "updated": 0
  },
  {
    "id": "73403811-234d-4e5f-a26b-a842860dea2f",
    "data": [
      {
        "text": "turn on shuffle mode",
        "userDefined": false
      }
    ],
    "isTemplate": false,
    "count": 0,
    "updated": 0
  }
]