[
  {
    "id": "d1d7cd39-f8ba-4cd8-b7a5-2fb41fa592ab",
    "data": [
      {
        "text": "Are you there jarvis",
        "userDefined": false
      }
    ],
    "isTemplate": false,
    "count": 0,
    "updated": 1543712567
  },
  {
    "id": "4f14db85-cd98-4fee-bddc-0a0a77555e22",
    "data": [
      {
        "text": "Jarvis",
        "alias": "jarvis",
        "meta": "@jarvis",
        "userDefined": false
      },
      {
        "text": " are you there",
        "userDefined": false
      }
    ],
    "isTemplate": false,
    "count": 0,
    "updated": 1543712567
  },
  {
    "id": "b4a4a284-7ec3-401d-b25b-aaaafb318a35",
    "data": [
      {
        "text": "Are you there",
        "userDefined": false
      }
    ],
    "isTemplate": false,
    "count": 0,
    "updated": 1543712567
  }
]