[
  {
    "id": "cb8c7b61-1f14-410d-8ebc-520a6f0ec888",
    "data": [
      {
        "text": "Jarvis I want to you to do a search",
        "userDefined": false
      }
    ],
    "isTemplate": false,
    "count": 0,
    "updated": 1543232678
  },
  {
    "id": "12db54e1-989b-480d-ac91-9b2960cbdce1",
    "data": [
      {
        "text": "Can you do a web search",
        "userDefined": false
      }
    ],
    "isTemplate": false,
    "count": 0,
    "updated": 1543232678
  },
  {
    "id": "f4512050-feba-435e-bc5b-3e45e816efc0",
    "data": [
      {
        "text": "search",
        "userDefined": false
      }
    ],
    "isTemplate": false,
    "count": 0,
    "updated": 1543232678
  },
  {
    "id": "79e27b05-3d0f-436f-87d8-4c3cddbf5a57",
    "data": [
      {
        "text": "Web search",
        "userDefined": false
      }
    ],
    "isTemplate": false,
    "count": 0,
    "updated": 1543232678
  },
  {
    "id": "66e35cba-b475-438a-9984-58ae6dbfb570",
    "data": [
      {
        "text": "Google",
        "userDefined": false
      }
    ],
    "isTemplate": false,
    "count": 0,
    "updated": 1543232678
  },
  {
    "id": "c398a5e4-d225-4d7f-9380-63c1c496b470",
    "data": [
      {
        "text": "Search about maddona",
        "userDefined": false
      }
    ],
    "isTemplate": false,
    "count": 0,
    "updated": 1543232678
  }
]