[
  {
    "id": "c555e0c8-94a3-47e9-8731-8cca758d1008",
    "data": [
      {
        "text": "Who are you",
        "userDefined": false
      }
    ],
    "isTemplate": false,
    "count": 0,
    "updated": 1543686836
  },
  {
    "id": "4e8049e2-422d-4f7b-9635-7bd172cf6b69",
    "data": [
      {
        "text": "Are you a movie charecter",
        "userDefined": false
      }
    ],
    "isTemplate": false,
    "count": 0,
    "updated": 1543686836
  },
  {
    "id": "2258816e-e1fd-4d2a-baec-501e61e96d13",
    "data": [
      {
        "text": "what is ",
        "userDefined": false
      },
      {
        "text": "Jarvis",
        "alias": "jarvis",
        "meta": "@jarvis",
        "userDefined": false
      }
    ],
    "isTemplate": false,
    "count": 0,
    "updated": 1543686836
  },
  {
    "id": "e2e2cc2a-eb51-4c9c-97ba-84c257543235",
    "data": [
      {
        "text": "Tell me about yourselfw",
        "userDefined": false
      }
    ],
    "isTemplate": false,
    "count": 0,
    "updated": 1543686836
  }
]